data_extracao;prefixo;operador;placa;marca;modelo;data_primeiro_emplac;ano_fabricacao;combustivel
2026-08-20 01:58:08.516640;2400;RESTINGA TRANSPORTES COLETIVOS LTDA;ITR2400;M. BENZ;O500 U                                            ;2011-06-30;2010;DIESEL
2026-08-20 01:58:08.516640;2167;VIACAO TERESOPOLIS CAVALHADA LTDA;ISF4079;M. BENZ;OF 1722;2011-08-25;2011;DIESEL
2026-08-20 01:58:08.516640;806;CARRIS PORTO-ALEGRENSE LTDA;ITB5398;M. BENZ;O500MA                                            ;2012-04-05;2010;DIESEL
2026-08-20 01:58:08.516640;4459;VIACAO ALTO PETROPOLIS LTDA;ISP1638;M. BENZ;OF 1722;2011-12-14;2011;DIESEL
2026-08-20 01:58:08.516640;815;CARRIS PORTO-ALEGRENSE LTDA;ITX4360;VOLVO                                             ;B340M                                             ;2012-12-28;2012;DIESEL
2026-08-20 01:58:08.516640;799;CARRIS PORTO-ALEGRENSE LTDA;ISX5480;M. BENZ;O500MA                                            ;2012-02-15;2010;DIESEL
2026-08-20 01:58:08.516640;792;CARRIS PORTO-ALEGRENSE LTDA;ISY5494;M. BENZ;O-500M                                            ;2012-04-11;2011;DIESEL
2026-08-20 01:58:08.516640;803;CARRIS PORTO-ALEGRENSE LTDA;ISW3F62;M. BENZ;O500MA                                            ;2012-02-16;2010;DIESEL
2026-08-20 01:58:08.516640;3135;SUDESTE TRANSPORTES COLETIVOS LTDA;ITW5266;M. BENZ;O500MA                                            ;2012-12-21;2012;DIESEL
2026-08-20 01:58:08.516640;3527;EMPRESA GAZÔMETRO DE TRANSPORTES LTDA;IUP7043;M. BENZ;OF 1721                                           ;2013-08-15;2013;DIESEL
2026-08-20 01:58:08.516640;4444;VIACAO ALTO PETROPOLIS LTDA;IQY7355;M. BENZ;O-500M                                            ;2010-07-23;2010;DIESEL
2026-08-20 01:58:08.516640;843;CARRIS PORTO-ALEGRENSE LTDA;IWH8A21;VOLVO                                             ;B290R                                             ;2015-01-31;2014;DIESEL
2026-08-20 01:58:08.516640;6678;SOCIEDADE DE ONIBUS PORTO ALEGRENSE LTDA;ITR8078;M. BENZ;OF 1721                                           ;2012-11-07;2012;DIESEL
2026-08-20 01:58:08.516640;1062;TRANSPORTES COLETIVOS TREVO LTDA;ISM8190;M. BENZ;OF 1722;2011-11-22;2011;DIESEL
2026-08-20 01:58:08.516640;795;CARRIS PORTO-ALEGRENSE LTDA;ITA5397;M. BENZ;O-500M                                            ;2012-04-27;2011;DIESEL
2026-08-20 01:58:08.516640;6740;SOCIEDADE DE ONIBUS PORTO ALEGRENSE LTDA;IRZ5416;M. BENZ;O-500M                                            ;2011-06-22;2011;DIESEL
2026-08-20 01:58:08.516640;1068;TRANSPORTES COLETIVOS TREVO LTDA;ITE6890;M. BENZ;O500MA                                            ;2012-06-19;2010;DIESEL
2026-08-20 01:58:08.516640;2132;VIACAO TERESOPOLIS CAVALHADA LTDA;ITX0273;M. BENZ;O-500M                                            ;2012-12-27;2012;DIESEL
2026-08-20 01:58:08.516640;807;CARRIS PORTO-ALEGRENSE LTDA;ITQ0895;M. BENZ;O-500M                                            ;2012-10-16;2012;DIESEL
2026-08-20 01:58:08.516640;835;CARRIS PORTO-ALEGRENSE LTDA;IWJ3D27;VOLVO                                             ;B340MA                                            ;2015-02-28;2014;DIESEL
2026-08-20 01:58:08.516640;6752;SOCIEDADE DE ONIBUS PORTO ALEGRENSE LTDA;IUL5309;M. BENZ;O-500M                                            ;2013-06-28;2012;DIESEL
2026-08-20 01:58:08.516640;6739;SOCIEDADE DE ONIBUS PORTO ALEGRENSE LTDA;IUL5445;M. BENZ;O-500M                                            ;2013-06-28;2012;DIESEL
2026-08-20 01:58:08.516640;1033;TRANSPORTES COLETIVOS TREVO LTDA;ISA6038;M. BENZ;O500MA                                            ;2011-06-28;2010;DIESEL
2026-08-20 01:58:08.516640;860;CARRIS PORTO-ALEGRENSE LTDA;IWI6768;VOLVO                                             ;B290R                                             ;2015-02-14;2014;DIESEL
2026-08-20 01:58:08.516640;1066;TRANSPORTES COLETIVOS TREVO LTDA;ITE6881;M. BENZ;O500MA                                            ;2012-06-19;2010;DIESEL
2026-08-20 01:58:08.516640;3141;SUDESTE TRANSPORTES COLETIVOS LTDA;ITR7245;M. BENZ;OF 1721                                           ;2012-11-06;2012;DIESEL
2026-08-20 01:58:08.516640;3143;SUDESTE TRANSPORTES COLETIVOS LTDA;ITR7250;M. BENZ;OF 1721                                           ;2012-11-06;2012;DIESEL
2026-08-20 01:58:08.516640;2220;VIACAO TERESOPOLIS CAVALHADA LTDA;ISU7441;M. BENZ;OF 1722;2012-02-15;2011;DIESEL
2026-08-20 01:58:08.516640;2389;VIACAO BELEM NOVO LTDA;ITF7660;M. BENZ;OF 1722;2012-06-28;2011;DIESEL
2026-08-20 01:58:08.516640;6487;NORTRAN TRANSPORTES COLETIVOS LTDA;ISR1583;M. BENZ;OF 1722;2012-01-04;2011;DIESEL
2026-08-20 01:58:08.516640;3131;SUDESTE TRANSPORTES COLETIVOS LTDA;ITV3060;M. BENZ;O500MA                                            ;2012-12-12;2012;DIESEL
2026-08-20 01:58:08.516640;2191;VIACAO TERESOPOLIS CAVALHADA LTDA;ISU7436;M. BENZ;OF 1722;2012-02-15;2011;DIESEL
2026-08-20 01:58:08.516640;1017;TRANSPORTES COLETIVOS TREVO LTDA;IXC1013;VW;17230                                             ;2016-02-15;2015;DIESEL
2026-08-20 01:58:08.516640;2313;VIACAO BELEM NOVO LTDA;ITF7670;M. BENZ;OF 1722;2012-06-28;2011;DIESEL
2026-08-20 01:58:08.516640;869;CARRIS PORTO-ALEGRENSE LTDA;IWH9677;VOLVO                                             ;B290R                                             ;2015-02-05;2014;DIESEL
2026-08-20 01:58:08.516640;6629;SOCIEDADE DE ONIBUS PORTO ALEGRENSE LTDA;IXC0918;M. BENZ;OF 1721                                           ;2016-02-15;2015;DIESEL
2026-08-20 01:58:08.516640;1047;TRANSPORTES COLETIVOS TREVO LTDA;IXC0972;VW;17230                                             ;2016-02-15;2015;DIESEL
2026-08-20 01:58:08.516640;3325;SUDESTE TRANSPORTES COLETIVOS LTDA;IXC1097;M. BENZ;O-500M                                            ;2016-02-15;2015;DIESEL
2026-08-20 01:58:08.516640;3333;SUDESTE TRANSPORTES COLETIVOS LTDA;IXC1136;M. BENZ;O500 U                                            ;2016-02-15;2015;DIESEL
2026-08-20 01:58:08.516640;6615;SOCIEDADE DE ONIBUS PORTO ALEGRENSE LTDA;IXC1142;M. BENZ;OF 1721                                           ;2016-02-15;2015;DIESEL
2026-08-20 01:58:08.516640;6620;SOCIEDADE DE ONIBUS PORTO ALEGRENSE LTDA;IXC1150;M. BENZ;OF 1721                                           ;2016-02-15;2015;DIESEL
2026-08-20 01:58:08.516640;6606;SOCIEDADE DE ONIBUS PORTO ALEGRENSE LTDA;IXC1176;M. BENZ;OF 1721                                           ;2016-02-15;2015;DIESEL
2026-08-20 01:58:08.516640;2155;VIACAO TERESOPOLIS CAVALHADA LTDA;ITW8184;M. BENZ;O-500M                                            ;2012-12-26;2012;DIESEL
2026-08-20 01:58:08.516640;6531;NORTRAN TRANSPORTES COLETIVOS LTDA;IXC0872;M. BENZ;O-500M                                            ;2016-02-15;2015;DIESEL
2026-08-20 01:58:08.516640;1100;TRANSPORTES COLETIVOS TREVO LTDA;IXC0925;VW;17230                                             ;2016-02-15;2015;DIESEL
2026-08-20 01:58:08.516640;6632;SOCIEDADE DE ONIBUS PORTO ALEGRENSE LTDA;IXC0928;M. BENZ;OF 1721                                           ;2016-02-15;2015;DIESEL
2026-08-20 01:58:08.516640;1029;TRANSPORTES COLETIVOS TREVO LTDA;IXC0938;VW;17230                                             ;2016-02-15;2015;DIESEL
2026-08-20 01:58:08.516640;6613;SOCIEDADE DE ONIBUS PORTO ALEGRENSE LTDA;IXC1203;M. BENZ;OF 1721                                           ;2016-02-15;2015;DIESEL
2026-08-20 01:58:08.516640;3323;SUDESTE TRANSPORTES COLETIVOS LTDA;IXC1328;M. BENZ;O-500M                                            ;2016-02-15;2015;DIESEL
2026-08-20 01:58:08.516640;4814;AUTO VIACAO PRESIDENTE VARGAS LTDA;IXC1667;M. BENZ;O-500M                                            ;2016-02-16;2015;DIESEL
2026-08-20 01:58:08.516640;1117;TRANSPORTES COLETIVOS TREVO LTDA;IXC1J65;M. BENZ;O-500M                                            ;2016-02-16;2015;DIESEL
2026-08-20 01:58:08.516640;4307;VIACAO ESTORIL LTDA;ISN8831;M. BENZ;O-500M                                            ;2011-11-30;2011;DIESEL
2026-08-20 01:58:08.516640;2338;VIACAO BELEM NOVO LTDA;ITW8864;M. BENZ;O-500M                                            ;2012-12-26;2012;DIESEL
2026-08-20 01:58:08.516640;856;CARRIS PORTO-ALEGRENSE LTDA;IWH9705;VOLVO                                             ;B290R                                             ;2015-02-06;2014;DIESEL
2026-08-20 01:58:08.516640;3308;SUDESTE TRANSPORTES COLETIVOS LTDA;IXC0883;M. BENZ;OF 1721                                           ;2016-02-15;2015;DIESEL
2026-08-20 01:58:08.516640;3317;SUDESTE TRANSPORTES COLETIVOS LTDA;IXC0949;M. BENZ;O-500M                                            ;2016-02-15;2015;DIESEL
2026-08-20 01:58:08.516640;2420;RESTINGA TRANSPORTES COLETIVOS LTDA;IXC1002;VW;17230                                             ;2016-02-15;2015;DIESEL
2026-08-20 01:58:08.516640;6434;NORTRAN TRANSPORTES COLETIVOS LTDA;ITH0271;M. BENZ;OF 1722;2012-07-09;2011;DIESEL
2026-08-20 01:58:08.516640;1049;TRANSPORTES COLETIVOS TREVO LTDA;ISM2638;M. BENZ;OF 1722;2011-11-12;2011;DIESEL
2026-08-20 01:58:08.516640;6162;AUTO VIACAO NAVEGANTES LTDA;IUI2667;M. BENZ;OF 1721                                           ;2013-05-29;2012;DIESEL
2026-08-20 01:58:08.516640;744;CARRIS PORTO-ALEGRENSE LTDA;IQY3680;M. BENZ;O-500M                                            ;2010-07-16;2010;DIESEL
2026-08-20 01:58:08.516640;6742;SOCIEDADE DE ONIBUS PORTO ALEGRENSE LTDA;IUL5446;M. BENZ;O-500M                                            ;2013-06-28;2012;DIESEL
2026-08-20 01:58:08.516640;4492;VIACAO ALTO PETROPOLIS LTDA;ITT6122;M. BENZ;O-500M                                            ;2012-11-29;2012;DIESEL
2026-08-20 01:58:08.516640;3115;SUDESTE TRANSPORTES COLETIVOS LTDA;ISL6896;M. BENZ;O-500M                                            ;2011-11-12;2011;DIESEL
2026-08-20 01:58:08.516640;2139;VIACAO TERESOPOLIS CAVALHADA LTDA;ISU7437;M. BENZ;OF 1722;2012-02-15;2011;DIESEL
2026-08-20 01:58:08.516640;814;CARRIS PORTO-ALEGRENSE LTDA;ITX4534;VOLVO                                             ;B340M                                             ;2012-12-28;2012;DIESEL
2026-08-20 01:58:08.516640;1045;TRANSPORTES COLETIVOS TREVO LTDA;ISP5247;M. BENZ;O500MA                                            ;2011-12-15;2011;DIESEL
2026-08-20 01:58:08.516640;1091;TRANSPORTES COLETIVOS TREVO LTDA;ISA6A42;M. BENZ;O500MA                                            ;2011-06-28;2010;DIESEL
2026-08-20 01:58:08.516640;867;CARRIS PORTO-ALEGRENSE LTDA;IWI6713;VOLVO                                             ;B290R                                             ;2015-02-14;2014;DIESEL
2026-08-20 01:58:08.516640;861;CARRIS PORTO-ALEGRENSE LTDA;IWH8048;VOLVO                                             ;B290R                                             ;2015-01-31;2014;DIESEL
2026-08-20 01:58:08.516640;3133;SUDESTE TRANSPORTES COLETIVOS LTDA;IUB3971;VW;17230                                             ;2013-02-23;2012;DIESEL
2026-08-20 01:58:08.516640;781;CARRIS PORTO-ALEGRENSE LTDA;IRA4D26;M. BENZ;O500 U                                            ;2010-08-14;2010;DIESEL
2026-08-20 01:58:08.516640;4428;VIACAO ALTO PETROPOLIS LTDA;IQD4662;M. BENZ;O-500M                                            ;2009-09-23;2009;DIESEL
2026-08-20 01:58:08.516640;6748;SOCIEDADE DE ONIBUS PORTO ALEGRENSE LTDA;IUL5451;M. BENZ;O-500M                                            ;2013-06-28;2012;DIESEL
2026-08-20 01:58:08.516640;3104;SUDESTE TRANSPORTES COLETIVOS LTDA;ISL6508;VW;17230                                             ;2011-11-12;2011;DIESEL
2026-08-20 01:58:08.516640;2135;VIACAO TERESOPOLIS CAVALHADA LTDA;ITW8181;M. BENZ;O-500M                                            ;2012-12-26;2012;DIESEL
2026-08-20 01:58:08.516640;2112;VIACAO TERESOPOLIS CAVALHADA LTDA;ITW8187;M. BENZ;O-500M                                            ;2012-12-26;2012;DIESEL
2026-08-20 01:58:08.516640;4487;VIACAO ALTO PETROPOLIS LTDA;IRN0362;M. BENZ;OF 1722M                                          ;2011-01-11;2010;DIESEL
2026-08-20 01:58:08.516640;808;CARRIS PORTO-ALEGRENSE LTDA;ITQ0905;M. BENZ;O-500M                                            ;2012-10-16;2012;DIESEL
2026-08-20 01:58:08.516640;4324;VIACAO ESTORIL LTDA;ISJ1626;M. BENZ;O-500M                                            ;2011-10-07;2011;DIESEL
2026-08-20 01:58:08.516640;4457;VIACAO ALTO PETROPOLIS LTDA;ISP1676;M. BENZ;OF 1722;2011-12-14;2011;DIESEL
2026-08-20 01:58:08.516640;1094;TRANSPORTES COLETIVOS TREVO LTDA;ISM2643;M. BENZ;OF 1722;2011-11-12;2011;DIESEL
2026-08-20 01:58:08.516640;2230;VIACAO TERESOPOLIS CAVALHADA LTDA;ISM2792;M. BENZ;OF 1722;2011-11-12;2011;DIESEL
2026-08-20 01:58:08.516640;3120;SUDESTE TRANSPORTES COLETIVOS LTDA;IUB3956;VW;17230                                             ;2013-02-23;2012;DIESEL
2026-08-20 01:58:08.516640;3121;SUDESTE TRANSPORTES COLETIVOS LTDA;IUB3969;VW;17230                                             ;2013-02-27;2012;DIESEL
2026-08-20 01:58:08.516640;819;CARRIS PORTO-ALEGRENSE LTDA;ITX4347;VOLVO                                             ;B340M                                             ;2012-12-28;2012;DIESEL
2026-08-20 01:58:08.516640;3116;SUDESTE TRANSPORTES COLETIVOS LTDA;ISL6865;M. BENZ;O-500M                                            ;2011-11-12;2011;DIESEL
2026-08-20 01:58:08.516640;6484;NORTRAN TRANSPORTES COLETIVOS LTDA;ISR1523;M. BENZ;OF 1722;2012-01-04;2011;DIESEL
2026-08-20 01:58:08.516640;4309;VIACAO ESTORIL LTDA;IQU3139;M. BENZ;O-500M                                            ;2010-05-15;2010;DIESEL
2026-08-20 01:58:08.516640;3124;SUDESTE TRANSPORTES COLETIVOS LTDA;IUB4007;VW;17230                                             ;2013-02-23;2012;DIESEL
2026-08-20 01:58:08.516640;3130;SUDESTE TRANSPORTES COLETIVOS LTDA;ITW5268;M. BENZ;O-500M                                            ;2012-12-21;2012;DIESEL
2026-08-20 01:58:08.516640;845;CARRIS PORTO-ALEGRENSE LTDA;IWI2106;VOLVO                                             ;B290R                                             ;2015-02-05;2014;DIESEL
2026-08-20 01:58:08.516640;3101;SUDESTE TRANSPORTES COLETIVOS LTDA;ISQ2158;VW;17230                                             ;2012-01-04;2011;DIESEL
2026-08-20 01:58:08.516640;847;CARRIS PORTO-ALEGRENSE LTDA;IWO4108;VOLVO                                             ;B290R                                             ;2015-05-29;2014;DIESEL
2026-08-20 01:58:08.516640;4470;VIACAO ALTO PETROPOLIS LTDA;IRQ4902;M. BENZ;O 500                                             ;2011-02-25;2010;DIESEL
2026-08-20 01:58:08.516640;778;CARRIS PORTO-ALEGRENSE LTDA;IRA5099;M. BENZ;O500 U                                            ;2010-08-14;2010;DIESEL
2026-08-20 01:58:08.516640;4521;VIACAO ALTO PETROPOLIS LTDA;IQU3093;M. BENZ;O-500M                                            ;2010-05-15;2010;DIESEL
2026-08-20 01:58:08.516640;6717;SOCIEDADE DE ONIBUS PORTO ALEGRENSE LTDA;IRZ5422;M. BENZ;O-500M                                            ;2011-06-22;2011;DIESEL
2026-08-20 01:58:08.516640;6807;SOCIEDADE DE ONIBUS PORTO ALEGRENSE LTDA;ITU4750;M. BENZ;OF 1721                                           ;2012-12-04;2012;DIESEL
2026-08-20 01:58:08.516640;3080;SUDESTE TRANSPORTES COLETIVOS LTDA;IRA6496;M. BENZ;O-500M                                            ;2010-08-14;2010;DIESEL
2026-08-20 01:58:08.516640;2499;RESTINGA TRANSPORTES COLETIVOS LTDA;ISM3D81;M. BENZ;O-500M                                            ;2011-11-12;2011;DIESEL
2026-08-20 01:58:08.516640;6406;NORTRAN TRANSPORTES COLETIVOS LTDA;IXC0I27;VW;17230                                             ;2016-02-15;2015;DIESEL
2026-08-20 01:58:08.516640;6627;SOCIEDADE DE ONIBUS PORTO ALEGRENSE LTDA;IXC0914;M. BENZ;OF 1721                                           ;2016-02-15;2015;DIESEL
2026-08-20 01:58:08.516640;2334;VIACAO BELEM NOVO LTDA;IXC0295;M. BENZ;OF 1721                                           ;2016-02-12;2015;DIESEL
2026-08-20 01:58:08.516640;840;CARRIS PORTO-ALEGRENSE LTDA;IWH8035;VOLVO                                             ;B290R                                             ;2015-01-31;2014;DIESEL
2026-08-20 01:58:08.516640;1099;TRANSPORTES COLETIVOS TREVO LTDA;ISM8196;M. BENZ;OF 1722;2011-11-22;2011;DIESEL
2026-08-20 01:58:08.516640;2010;AUTO VIACAO PRESIDENTE VARGAS LTDA;ISQ8250;M. BENZ;O-500M                                            ;2011-12-29;2011;DIESEL
2026-08-20 01:58:08.516640;6571;NORTRAN TRANSPORTES COLETIVOS LTDA;ITU9A66;M. BENZ;O500MA                                            ;2012-12-07;2012;DIESEL
2026-08-20 01:58:08.516640;6564;NORTRAN TRANSPORTES COLETIVOS LTDA;IUL9F20;M. BENZ;O500MA                                            ;2013-06-29;2012;DIESEL
2026-08-20 01:58:08.516640;2316;VIACAO BELEM NOVO LTDA;IXC0292;M. BENZ;OF 1721                                           ;2016-02-12;2015;DIESEL
2026-08-20 01:58:08.516640;6602;SOCIEDADE DE ONIBUS PORTO ALEGRENSE LTDA;IXC1168;M. BENZ;OF 1721                                           ;2016-02-15;2015;DIESEL
2026-08-20 01:58:08.516640;6604;SOCIEDADE DE ONIBUS PORTO ALEGRENSE LTDA;IXC1274;M. BENZ;OF 1721                                           ;2016-02-15;2015;DIESEL
2026-08-20 01:58:08.516640;3326;SUDESTE TRANSPORTES COLETIVOS LTDA;IXC1356;M. BENZ;O-500M                                            ;2016-02-15;2015;DIESEL
2026-08-20 01:58:08.516640;4502;VIACAO ALTO PETROPOLIS LTDA;IXC1490;M. BENZ;O-500M                                            ;2016-02-15;2015;DIESEL
2026-08-20 01:58:08.516640;4488;VIACAO ALTO PETROPOLIS LTDA;IRN0363;M. BENZ;OF 1722M                                          ;2011-01-11;2010;DIESEL
2026-08-20 01:58:08.516640;3108;SUDESTE TRANSPORTES COLETIVOS LTDA;ISO0872;M. BENZ;O-500M                                            ;2011-12-09;2011;DIESEL
2026-08-20 01:58:08.516640;4305;VIACAO ESTORIL LTDA;ISJ1632;M. BENZ;O-500M                                            ;2011-10-07;2011;DIESEL
2026-08-20 01:58:08.516640;854;CARRIS PORTO-ALEGRENSE LTDA;IWP2770;VOLVO                                             ;B290R                                             ;2015-06-13;2014;DIESEL
2026-08-20 01:58:08.516640;2496;RESTINGA TRANSPORTES COLETIVOS LTDA;ISM3385;M. BENZ;O 500                                             ;2011-11-12;2011;DIESEL
2026-08-20 01:58:08.516640;2488;RESTINGA TRANSPORTES COLETIVOS LTDA;ISM3387;M. BENZ;O500MA                                            ;2011-11-12;2011;DIESEL
2026-08-20 01:58:08.516640;804;CARRIS PORTO-ALEGRENSE LTDA;ISW3548;M. BENZ;O500MA                                            ;2012-02-14;2010;DIESEL
2026-08-20 01:58:08.516640;3110;SUDESTE TRANSPORTES COLETIVOS LTDA;ISO4243;M. BENZ;O-500M                                            ;2011-12-09;2011;DIESEL
2026-08-20 01:58:08.516640;3132;SUDESTE TRANSPORTES COLETIVOS LTDA;ITW5244;M. BENZ;O500MA                                            ;2012-12-21;2012;DIESEL
2026-08-20 01:58:08.516640;1211;TRANSPORTES COLETIVOS TREVO LTDA;ISA6A47;M. BENZ;O500MA                                            ;2011-06-28;2010;DIESEL
2026-08-20 01:58:08.516640;3119;SUDESTE TRANSPORTES COLETIVOS LTDA;ISL6863;M. BENZ;O-500M                                            ;2011-11-12;2011;DIESEL
2026-08-20 01:58:08.516640;1054;TRANSPORTES COLETIVOS TREVO LTDA;ITE6I65;M. BENZ;OF 1722M                                          ;2012-06-19;2011;DIESEL
2026-08-20 01:58:08.516640;1013;TRANSPORTES COLETIVOS TREVO LTDA;ITE6875;M. BENZ;OF 1722;2012-06-19;2011;DIESEL
2026-08-20 01:58:08.516640;4016;EMPRESA GAZÔMETRO DE TRANSPORTES LTDA;IRO1645;M. BENZ;OF 1722M                                          ;2011-01-25;2010;DIESEL
2026-08-20 01:58:08.516640;724;CARRIS PORTO-ALEGRENSE LTDA;IQY3906;VOLVO                                             ;B7R                                               ;2010-07-16;2010;DIESEL
2026-08-20 01:58:08.516640;6804;SOCIEDADE DE ONIBUS PORTO ALEGRENSE LTDA;ITW4428;M. BENZ;O500MA                                            ;2012-12-27;2012;DIESEL
2026-08-20 01:58:08.516640;2306;VIACAO BELEM NOVO LTDA;ITG4971;M. BENZ;OF 1722;2011-12-31;2011;DIESEL
2026-08-20 01:58:08.516640;3144;SUDESTE TRANSPORTES COLETIVOS LTDA;ITW5258;M. BENZ;O500MA                                            ;2012-12-21;2012;DIESEL
2026-08-20 01:58:08.516640;6750;SOCIEDADE DE ONIBUS PORTO ALEGRENSE LTDA;IUL5448;M. BENZ;O-500M                                            ;2013-06-28;2012;DIESEL
2026-08-20 01:58:08.516640;791;CARRIS PORTO-ALEGRENSE LTDA;ISY5470;M. BENZ;O-500M                                            ;2012-04-11;2011;DIESEL
2026-08-20 01:58:08.516640;4493;VIACAO ALTO PETROPOLIS LTDA;ITT6163;M. BENZ;O-500M                                            ;2012-11-29;2012;DIESEL
2026-08-20 01:58:08.516640;4499;VIACAO ALTO PETROPOLIS LTDA;ITT6181;M. BENZ;OF 1721                                           ;2012-11-29;2012;DIESEL
2026-08-20 01:58:08.516640;1037;TRANSPORTES COLETIVOS TREVO LTDA;IRL7267;M. BENZ;OF 1722M                                          ;2010-12-21;2010;DIESEL
2026-08-20 01:58:08.516640;865;CARRIS PORTO-ALEGRENSE LTDA;IWI7806;VOLVO                                             ;B290R                                             ;2015-02-19;2014;DIESEL
2026-08-20 01:58:08.516640;2397;VIACAO BELEM NOVO LTDA;ISP2950;M. BENZ;O500MA                                            ;2011-12-14;2010;DIESEL
2026-08-20 01:58:08.516640;2497;RESTINGA TRANSPORTES COLETIVOS LTDA;ISM3D83;M. BENZ;O 500                                             ;2011-11-12;2011;DIESEL
2026-08-20 01:58:08.516640;2183;VIACAO TERESOPOLIS CAVALHADA LTDA;ISK3404;M. BENZ;OF 1722;2011-10-22;2011;DIESEL
2026-08-20 01:58:08.516640;4333;VIACAO ESTORIL LTDA;ITV3602;M. BENZ;OF 1721                                           ;2012-12-11;2012;DIESEL
2026-08-20 01:58:08.516640;809;CARRIS PORTO-ALEGRENSE LTDA;ITX4384;VOLVO                                             ;B340M                                             ;2012-12-28;2012;DIESEL
2026-08-20 01:58:08.516640;4446;VIACAO ALTO PETROPOLIS LTDA;IQD4659;M. BENZ;O-500M                                            ;2009-09-23;2009;DIESEL
2026-08-20 01:58:08.516640;3107;SUDESTE TRANSPORTES COLETIVOS LTDA;ISL5147;VW;17230                                             ;2011-11-12;2011;DIESEL
2026-08-20 01:58:08.516640;1024;TRANSPORTES COLETIVOS TREVO LTDA;ISP5C49;M. BENZ;O500MA                                            ;2011-12-15;2011;DIESEL
2026-08-20 01:58:08.516640;841;CARRIS PORTO-ALEGRENSE LTDA;IWK6349;VOLVO                                             ;B290R                                             ;2015-03-24;2014;DIESEL
2026-08-20 01:58:08.516640;3112;SUDESTE TRANSPORTES COLETIVOS LTDA;ISL6861;M. BENZ;O-500M                                            ;2011-11-12;2011;DIESEL
2026-08-20 01:58:08.516640;4851;AUTO VIACAO PRESIDENTE VARGAS LTDA;ITV7154;M. BENZ;O-500M                                            ;2012-12-13;2012;DIESEL
2026-08-20 01:58:08.516640;863;CARRIS PORTO-ALEGRENSE LTDA;IWH8033;VOLVO                                             ;B290R                                             ;2015-01-31;2014;DIESEL
2026-08-20 01:58:08.516640;2138;VIACAO TERESOPOLIS CAVALHADA LTDA;ISK2224;M. BENZ;OF 1722;2011-10-22;2011;DIESEL
2026-08-20 01:58:08.516640;1150;TRANSPORTES COLETIVOS TREVO LTDA;ISM2647;M. BENZ;OF 1722;2011-11-12;2011;DIESEL
2026-08-20 01:58:08.516640;1170;TRANSPORTES COLETIVOS TREVO LTDA;ISM2653;M. BENZ;OF 1722;2011-11-12;2011;DIESEL
2026-08-20 01:58:08.516640;4022;EMPRESA GAZÔMETRO DE TRANSPORTES LTDA;ISX3097;M. BENZ;OH 1622                                           ;2012-03-23;2011;DIESEL
2026-08-20 01:58:08.516640;4323;VIACAO ESTORIL LTDA;ISQ4103;M. BENZ;O-500M                                            ;2011-12-24;2011;DIESEL
2026-08-20 01:58:08.516640;837;CARRIS PORTO-ALEGRENSE LTDA;IWK4766;VOLVO                                             ;B290R                                             ;2015-03-18;2014;DIESEL
2026-08-20 01:58:08.516640;2490;RESTINGA TRANSPORTES COLETIVOS LTDA;ISA6A21;M. BENZ;O500MA                                            ;2011-06-28;2010;DIESEL
2026-08-20 01:58:08.516640;4849;AUTO VIACAO PRESIDENTE VARGAS LTDA;ITV7133;M. BENZ;O-500M                                            ;2012-12-13;2012;DIESEL
2026-08-20 01:58:08.516640;4477;VIACAO ALTO PETROPOLIS LTDA;IQY7343;M. BENZ;O-500M                                            ;2010-07-23;2010;DIESEL
2026-08-20 01:58:08.516640;822;CARRIS PORTO-ALEGRENSE LTDA;IWO1476;VOLVO                                             ;B340MA                                            ;2015-05-23;2014;DIESEL
2026-08-20 01:58:08.516640;4332;VIACAO ESTORIL LTDA;IRM2497;M. BENZ;OF 1722M                                          ;2010-12-30;2010;DIESEL
2026-08-20 01:58:08.516640;1003;TRANSPORTES COLETIVOS TREVO LTDA;ISM2636;M. BENZ;OF 1722;2011-11-12;2011;DIESEL
2026-08-20 01:58:08.516640;2409;RESTINGA TRANSPORTES COLETIVOS LTDA;ISM3389;M. BENZ;O500MA                                            ;2011-11-12;2011;DIESEL
2026-08-20 01:58:08.516640;753;CARRIS PORTO-ALEGRENSE LTDA;IRA3I62;M. BENZ;O500 U                                            ;2010-08-12;2010;DIESEL
2026-08-20 01:58:08.516640;818;CARRIS PORTO-ALEGRENSE LTDA;ITX4365;VOLVO                                             ;B340M                                             ;2012-12-28;2012;DIESEL
2026-08-20 01:58:08.516640;4452;VIACAO ALTO PETROPOLIS LTDA;IRQ4904;M. BENZ;O 500                                             ;2011-02-25;2010;DIESEL
2026-08-20 01:58:08.516640;788;CARRIS PORTO-ALEGRENSE LTDA;ISX5450;M. BENZ;O-500M                                            ;2012-03-21;2011;DIESEL
2026-08-20 01:58:08.516640;3114;SUDESTE TRANSPORTES COLETIVOS LTDA;ISL6878;M. BENZ;O-500M                                            ;2011-11-12;2011;DIESEL
2026-08-20 01:58:08.516640;4481;VIACAO ALTO PETROPOLIS LTDA;IQY7327;M. BENZ;O-500M                                            ;2010-07-23;2010;DIESEL
2026-08-20 01:58:08.516640;2346;VIACAO BELEM NOVO LTDA;ITF7G83;M. BENZ;OF 1722M                                          ;2012-06-28;2011;DIESEL
2026-08-20 01:58:08.516640;836;CARRIS PORTO-ALEGRENSE LTDA;IWJ3320;VOLVO                                             ;B340MA                                            ;2015-02-28;2014;DIESEL
2026-08-20 01:58:08.516640;3096;SUDESTE TRANSPORTES COLETIVOS LTDA;IRN0477;M. BENZ;OF 1722M                                          ;2011-01-07;2010;DIESEL
2026-08-20 01:58:08.516640;3513;EMPRESA GAZÔMETRO DE TRANSPORTES LTDA;IRN1053;M. BENZ;O500MA                                            ;2011-01-07;2010;DIESEL
2026-08-20 01:58:08.516640;6485;NORTRAN TRANSPORTES COLETIVOS LTDA;ISR1530;M. BENZ;OF 1722;2012-01-04;2011;DIESEL
2026-08-20 01:58:08.516640;1128;TRANSPORTES COLETIVOS TREVO LTDA;ISM2646;M. BENZ;OF 1722;2011-11-12;2011;DIESEL
2026-08-20 01:58:08.516640;812;CARRIS PORTO-ALEGRENSE LTDA;ITX4D51;VOLVO                                             ;B340M                                             ;2012-12-28;2012;DIESEL
2026-08-20 01:58:08.516640;4424;VIACAO ALTO PETROPOLIS LTDA;IRQ4899;M. BENZ;O-500M                                            ;2011-02-25;2010;DIESEL
2026-08-20 01:58:08.516640;798;CARRIS PORTO-ALEGRENSE LTDA;ITA5395;M. BENZ;O-500M                                            ;2012-04-27;2011;DIESEL
2026-08-20 01:58:08.516640;785;CARRIS PORTO-ALEGRENSE LTDA;ISX5439;M. BENZ;O-500M                                            ;2012-03-21;2011;DIESEL
2026-08-20 01:58:08.516640;790;CARRIS PORTO-ALEGRENSE LTDA;ISY5464;M. BENZ;O-500M                                            ;2012-04-11;2011;DIESEL
2026-08-20 01:58:08.516640;4498;VIACAO ALTO PETROPOLIS LTDA;ITT6B93;M. BENZ;OF 1721                                           ;2012-11-29;2012;DIESEL
2026-08-20 01:58:08.516640;4496;VIACAO ALTO PETROPOLIS LTDA;ITT6207;M. BENZ;O-500M                                            ;2012-11-29;2012;DIESEL
2026-08-20 01:58:08.516640;6488;NORTRAN TRANSPORTES COLETIVOS LTDA;IUP7044;M. BENZ;OF 1721                                           ;2013-08-15;2013;DIESEL
2026-08-20 01:58:08.516640;2140;VIACAO TERESOPOLIS CAVALHADA LTDA;ISK2225;M. BENZ;OF 1722;2011-10-22;2011;DIESEL
2026-08-20 01:58:08.516640;1158;TRANSPORTES COLETIVOS TREVO LTDA;ISM2648;M. BENZ;OF 1722;2011-11-12;2011;DIESEL
2026-08-20 01:58:08.516640;3098;SUDESTE TRANSPORTES COLETIVOS LTDA;IRO3615;M. BENZ;OF 1722M                                          ;2011-01-28;2010;DIESEL
2026-08-20 01:58:08.516640;6751;SOCIEDADE DE ONIBUS PORTO ALEGRENSE LTDA;IUL5453;M. BENZ;O-500M                                            ;2013-06-28;2012;DIESEL
2026-08-20 01:58:08.516640;4490;VIACAO ALTO PETROPOLIS LTDA;ITT6141;M. BENZ;O-500M                                            ;2012-11-29;2012;DIESEL
2026-08-20 01:58:08.516640;817;CARRIS PORTO-ALEGRENSE LTDA;ITX6438;VOLVO                                             ;B340M                                             ;2013-01-13;2012;DIESEL
2026-08-20 01:58:08.516640;2227;VIACAO TERESOPOLIS CAVALHADA LTDA;ISU7434;M. BENZ;OF 1722;2012-02-15;2011;DIESEL
2026-08-20 01:58:08.516640;4486;VIACAO ALTO PETROPOLIS LTDA;IRN0360;M. BENZ;OF 1722M                                          ;2011-01-11;2010;DIESEL
2026-08-20 01:58:08.516640;846;CARRIS PORTO-ALEGRENSE LTDA;IWO4085;VOLVO                                             ;B290R                                             ;2015-05-29;2014;DIESEL
2026-08-20 01:58:08.516640;820;CARRIS PORTO-ALEGRENSE LTDA;ITX4326;VOLVO                                             ;B340M                                             ;2012-12-28;2012;DIESEL
2026-08-20 01:58:08.516640;810;CARRIS PORTO-ALEGRENSE LTDA;ITX4402;VOLVO                                             ;B340M                                             ;2012-12-28;2012;DIESEL
2026-08-20 01:58:08.516640;811;CARRIS PORTO-ALEGRENSE LTDA;ITX4426;VOLVO                                             ;B340M                                             ;2012-12-28;2012;DIESEL
2026-08-20 01:58:08.516640;833;CARRIS PORTO-ALEGRENSE LTDA;IWK5058;VOLVO                                             ;B340MA                                            ;2015-03-20;2014;DIESEL
2026-08-20 01:58:08.516640;4494;VIACAO ALTO PETROPOLIS LTDA;ITT6135;M. BENZ;O-500M                                            ;2012-11-29;2012;DIESEL
2026-08-20 01:58:08.516640;4805;AUTO VIACAO PRESIDENTE VARGAS LTDA;ITV6573;M. BENZ;O-500M                                            ;2012-12-26;2012;DIESEL
2026-08-20 01:58:08.516640;6805;SOCIEDADE DE ONIBUS PORTO ALEGRENSE LTDA;IUA8338;M. BENZ;O500MA                                            ;2013-02-19;2012;DIESEL
2026-08-20 01:58:08.516640;4308;VIACAO ESTORIL LTDA;ISQ0176;M. BENZ;O-500M                                            ;2011-12-23;2011;DIESEL
2026-08-20 01:58:08.516640;3127;SUDESTE TRANSPORTES COLETIVOS LTDA;ITV0897;M. BENZ;O-500M                                            ;2012-12-08;2012;DIESEL
2026-08-20 01:58:08.516640;4463;VIACAO ALTO PETROPOLIS LTDA;IRA1621;M. BENZ;O-500M                                            ;2010-08-07;2010;DIESEL
2026-08-20 01:58:08.516640;2498;RESTINGA TRANSPORTES COLETIVOS LTDA;ISM3382;M. BENZ;O-500M                                            ;2011-11-12;2011;DIESEL
2026-08-20 01:58:08.516640;801;CARRIS PORTO-ALEGRENSE LTDA;ISW3588;M. BENZ;O500MA                                            ;2012-02-16;2010;DIESEL
2026-08-20 01:58:08.516640;749;CARRIS PORTO-ALEGRENSE LTDA;IRA3I66;M. BENZ;O500 U                                            ;2010-08-12;2010;DIESEL
2026-08-20 01:58:08.516640;3118;SUDESTE TRANSPORTES COLETIVOS LTDA;ITW5235;M. BENZ;O500MA                                            ;2012-12-21;2012;DIESEL
2026-08-20 01:58:08.516640;2388;VIACAO BELEM NOVO LTDA;ITI6B27;M. BENZ;OF 1722;2011-12-31;2011;DIESEL
2026-08-20 01:58:08.516640;2067;AUTO VIACAO PRESIDENTE VARGAS LTDA;ITT6140;M. BENZ;OF 1721                                           ;2012-11-24;2012;DIESEL
2026-08-20 01:58:08.516640;830;CARRIS PORTO-ALEGRENSE LTDA;IWI6731;VOLVO                                             ;B340MA                                            ;2015-02-14;2014;DIESEL
2026-08-20 01:58:08.516640;864;CARRIS PORTO-ALEGRENSE LTDA;IWI6798;VOLVO                                             ;B290R                                             ;2015-02-14;2014;DIESEL
2026-08-20 01:58:08.516640;3117;SUDESTE TRANSPORTES COLETIVOS LTDA;ISL6886;M. BENZ;O-500M                                            ;2011-11-12;2011;DIESEL
2026-08-20 01:58:08.516640;3095;SUDESTE TRANSPORTES COLETIVOS LTDA;IVQ2577;SCANIA                                            ;K310                                              ;2014-06-23;2013;DIESEL
2026-08-20 01:58:08.516640;1188;TRANSPORTES COLETIVOS TREVO LTDA;ISM2654;M. BENZ;OF 1722;2011-11-12;2011;DIESEL
2026-08-20 01:58:08.516640;2064;AUTO VIACAO PRESIDENTE VARGAS LTDA;ISN2827;M. BENZ;OF 1722;2011-11-25;2011;DIESEL
2026-08-20 01:58:08.516640;4429;VIACAO ALTO PETROPOLIS LTDA;IQD4650;M. BENZ;O-500M                                            ;2009-09-23;2009;DIESEL
2026-08-20 01:58:08.516640;4439;VIACAO ALTO PETROPOLIS LTDA;IRQ4898;M. BENZ;O-500M                                            ;2011-02-25;2010;DIESEL
2026-08-20 01:58:08.516640;2491;RESTINGA TRANSPORTES COLETIVOS LTDA;ISA6031;M. BENZ;O500MA                                            ;2011-06-28;2010;DIESEL
2026-08-20 01:58:08.516640;4478;VIACAO ALTO PETROPOLIS LTDA;IQY7372;M. BENZ;O-500M                                            ;2010-07-23;2010;DIESEL
2026-08-20 01:58:08.516640;2121;VIACAO TERESOPOLIS CAVALHADA LTDA;ISU7435;M. BENZ;OF 1722;2012-02-15;2011;DIESEL
2026-08-20 01:58:08.516640;4406;VIACAO ALTO PETROPOLIS LTDA;IRQ4905;M. BENZ;O 500                                             ;2011-02-25;2010;DIESEL
2026-08-20 01:58:08.516640;769;CARRIS PORTO-ALEGRENSE LTDA;IRA3867;M. BENZ;O500 U                                            ;2010-08-12;2010;DIESEL
2026-08-20 01:58:08.516640;4489;VIACAO ALTO PETROPOLIS LTDA;ITT6155;M. BENZ;O-500M                                            ;2012-11-29;2012;DIESEL
2026-08-20 01:58:08.516640;6801;SOCIEDADE DE ONIBUS PORTO ALEGRENSE LTDA;ISX6329;M. BENZ;OF 1722;2012-03-23;2011;DIESEL
2026-08-20 01:58:08.516640;2186;VIACAO TERESOPOLIS CAVALHADA LTDA;ISZ9702;M. BENZ;O500MA                                            ;2012-04-22;2010;DIESEL
2026-08-20 01:58:08.516640;2128;VIACAO TERESOPOLIS CAVALHADA LTDA;ITW8183;M. BENZ;O-500M                                            ;2012-12-26;2012;DIESEL
2026-08-20 01:58:08.516640;1076;TRANSPORTES COLETIVOS TREVO LTDA;ISM8193;M. BENZ;OF 1722;2011-11-22;2011;DIESEL
2026-08-20 01:58:08.516640;1090;TRANSPORTES COLETIVOS TREVO LTDA;ISM8194;M. BENZ;OF 1722;2011-11-22;2011;DIESEL
2026-08-20 01:58:08.516640;2009;AUTO VIACAO PRESIDENTE VARGAS LTDA;ISQ8265;M. BENZ;O-500M                                            ;2011-12-29;2011;DIESEL
2026-08-20 01:58:08.516640;2327;VIACAO BELEM NOVO LTDA;ITW8872;M. BENZ;O-500M                                            ;2012-12-26;2012;DIESEL
2026-08-20 01:58:08.516640;1077;TRANSPORTES COLETIVOS TREVO LTDA;ISM2642;M. BENZ;OF 1722;2011-11-12;2011;DIESEL
2026-08-20 01:58:08.516640;1061;TRANSPORTES COLETIVOS TREVO LTDA;ISP5C46;M. BENZ;O500MA                                            ;2011-12-15;2011;DIESEL
2026-08-20 01:58:08.516640;786;CARRIS PORTO-ALEGRENSE LTDA;ISX5419;M. BENZ;O-500M                                            ;2012-03-21;2011;DIESEL
2026-08-20 01:58:08.516640;842;CARRIS PORTO-ALEGRENSE LTDA;IWK6365;VOLVO                                             ;B290R                                             ;2015-03-24;2014;DIESEL
2026-08-20 01:58:08.516640;831;CARRIS PORTO-ALEGRENSE LTDA;IWI6762;VOLVO                                             ;B340MA                                            ;2015-02-14;2014;DIESEL
2026-08-20 01:58:08.516640;4306;VIACAO ESTORIL LTDA;ISJ1625;M. BENZ;O-500M                                            ;2011-10-07;2011;DIESEL
2026-08-20 01:58:08.516640;3142;SUDESTE TRANSPORTES COLETIVOS LTDA;ITQ1937;M. BENZ;OF 1721                                           ;2012-10-27;2012;DIESEL
2026-08-20 01:58:08.516640;3525;EMPRESA GAZÔMETRO DE TRANSPORTES LTDA;ISS3998;M. BENZ;OH 1622                                           ;2012-01-18;2011;DIESEL
2026-08-20 01:58:08.516640;848;CARRIS PORTO-ALEGRENSE LTDA;IWO4072;VOLVO                                             ;B290R                                             ;2015-05-29;2014;DIESEL
2026-08-20 01:58:08.516640;3113;SUDESTE TRANSPORTES COLETIVOS LTDA;ISO4274;M. BENZ;O-500M                                            ;2011-12-09;2011;DIESEL
2026-08-20 01:58:08.516640;6808;SOCIEDADE DE ONIBUS PORTO ALEGRENSE LTDA;ITU4756;M. BENZ;OF 1721                                           ;2012-12-04;2012;DIESEL
2026-08-20 01:58:08.516640;775;CARRIS PORTO-ALEGRENSE LTDA;IRA5093;M. BENZ;O500 U                                            ;2010-08-14;2010;DIESEL
2026-08-20 01:58:08.516640;6718;SOCIEDADE DE ONIBUS PORTO ALEGRENSE LTDA;IRZ5421;M. BENZ;O-500M                                            ;2011-06-22;2011;DIESEL
2026-08-20 01:58:08.516640;4866;AUTO VIACAO PRESIDENTE VARGAS LTDA;ITT5785;M. BENZ;OF 1721                                           ;2012-11-24;2012;DIESEL
2026-08-20 01:58:08.516640;4500;VIACAO ALTO PETROPOLIS LTDA;ITT6187;M. BENZ;OF 1721                                           ;2012-11-29;2012;DIESEL
2026-08-20 01:58:08.516640;855;CARRIS PORTO-ALEGRENSE LTDA;IWI6630;VOLVO                                             ;B290R                                             ;2015-02-14;2014;DIESEL
2026-08-20 01:58:08.516640;834;CARRIS PORTO-ALEGRENSE LTDA;IWK6765;VOLVO                                             ;B340MA                                            ;2015-03-24;2014;DIESEL
2026-08-20 01:58:08.516640;2361;VIACAO BELEM NOVO LTDA;ITF7631;M. BENZ;OF 1722;2012-06-30;2011;DIESEL
2026-08-20 01:58:08.516640;1159;TRANSPORTES COLETIVOS TREVO LTDA;ISM2649;M. BENZ;OF 1722;2011-11-12;2011;DIESEL
2026-08-20 01:58:08.516640;1165;TRANSPORTES COLETIVOS TREVO LTDA;ISM2652;M. BENZ;OF 1722;2011-11-12;2011;DIESEL
2026-08-20 01:58:08.516640;4454;VIACAO ALTO PETROPOLIS LTDA;IQD4537;M. BENZ;O-500M                                            ;2009-09-23;2009;DIESEL
2026-08-20 01:58:08.516640;4449;VIACAO ALTO PETROPOLIS LTDA;IRQ4901;M. BENZ;O 500                                             ;2011-02-25;2010;DIESEL
2026-08-20 01:58:08.516640;3111;SUDESTE TRANSPORTES COLETIVOS LTDA;ISL6913;M. BENZ;O-500M                                            ;2011-11-12;2011;DIESEL
2026-08-20 01:58:08.516640;2392;VIACAO BELEM NOVO LTDA;ITF7652;M. BENZ;OF 1722;2012-06-28;2011;DIESEL
2026-08-20 01:58:08.516640;1067;TRANSPORTES COLETIVOS TREVO LTDA;ISM8B91;M. BENZ;OF 1722M                                          ;2011-11-22;2011;DIESEL
2026-08-20 01:58:08.516640;763;CARRIS PORTO-ALEGRENSE LTDA;IRA3890;M. BENZ;O500 U                                            ;2010-08-12;2010;DIESEL
2026-08-20 01:58:08.516640;800;CARRIS PORTO-ALEGRENSE LTDA;ISW3J87;M. BENZ;O500MA                                            ;2012-02-14;2010;DIESEL
2026-08-20 01:58:08.516640;1096;TRANSPORTES COLETIVOS TREVO LTDA;IRJ5409;M. BENZ;OF 1722M                                          ;2010-12-01;2010;DIESEL
2026-08-20 01:58:08.516640;784;CARRIS PORTO-ALEGRENSE LTDA;ISX5423;M. BENZ;O-500M                                            ;2012-03-21;2011;DIESEL
2026-08-20 01:58:08.516640;2492;RESTINGA TRANSPORTES COLETIVOS LTDA;ISA6026;M. BENZ;O500MA                                            ;2011-05-24;2010;DIESEL
2026-08-20 01:58:08.516640;828;CARRIS PORTO-ALEGRENSE LTDA;IWI6H45;VOLVO                                             ;B340M                                             ;2015-02-14;2014;DIESEL
2026-08-20 01:58:08.516640;1095;TRANSPORTES COLETIVOS TREVO LTDA;ITE6883;M. BENZ;O500MA                                            ;2012-06-19;2010;DIESEL
2026-08-20 01:58:08.516640;3140;SUDESTE TRANSPORTES COLETIVOS LTDA;ITR7262;M. BENZ;OF 1721                                           ;2012-11-06;2012;DIESEL
2026-08-20 01:58:08.516640;2109;VIACAO TERESOPOLIS CAVALHADA LTDA;ISE3441;M. BENZ;OF 1722;2011-08-13;2011;DIESEL
2026-08-20 01:58:08.516640;772;CARRIS PORTO-ALEGRENSE LTDA;IRA3I54;M. BENZ;O500 U                                            ;2010-08-12;2010;DIESEL
2026-08-20 01:58:08.516640;4468;VIACAO ALTO PETROPOLIS LTDA;IRQ4900;M. BENZ;O 500                                             ;2011-02-25;2010;DIESEL
2026-08-20 01:58:08.516640;6113;AUTO VIACAO NAVEGANTES LTDA;IUI5304;M. BENZ;O-500M                                            ;2013-05-29;2012;DIESEL
2026-08-20 01:58:08.516640;6803;SOCIEDADE DE ONIBUS PORTO ALEGRENSE LTDA;ISX6343;M. BENZ;OF 1722;2012-03-23;2011;DIESEL
2026-08-20 01:58:08.516640;4448;VIACAO ALTO PETROPOLIS LTDA;IQY7302;M. BENZ;O-500M                                            ;2010-07-23;2010;DIESEL
2026-08-20 01:58:08.516640;4471;VIACAO ALTO PETROPOLIS LTDA;IQY7381;M. BENZ;O-500M                                            ;2010-07-23;2010;DIESEL
2026-08-20 01:58:08.516640;4014;EMPRESA GAZÔMETRO DE TRANSPORTES LTDA;ITU0053;M. BENZ;O500MA                                            ;2012-11-29;2012;DIESEL
2026-08-20 01:58:08.516640;1053;TRANSPORTES COLETIVOS TREVO LTDA;ISM2641;M. BENZ;OF 1722;2011-11-12;2011;DIESEL
2026-08-20 01:58:08.516640;2396;VIACAO BELEM NOVO LTDA;ISP2969;M. BENZ;O500MA                                            ;2011-12-14;2010;DIESEL
2026-08-20 01:58:08.516640;6738;SOCIEDADE DE ONIBUS PORTO ALEGRENSE LTDA;IUL5450;M. BENZ;O-500M                                            ;2013-06-28;2012;DIESEL
2026-08-20 01:58:08.516640;838;CARRIS PORTO-ALEGRENSE LTDA;IWH8020;VOLVO                                             ;B290R                                             ;2015-01-31;2014;DIESEL
2026-08-20 01:58:08.516640;2381;VIACAO BELEM NOVO LTDA;IXC0243;M. BENZ;O 500                                             ;2016-02-12;2015;DIESEL
2026-08-20 01:58:08.516640;2353;VIACAO BELEM NOVO LTDA;IXC0748;M. BENZ;O 500                                             ;2016-02-15;2015;DIESEL
2026-08-20 01:58:08.516640;4447;VIACAO ALTO PETROPOLIS LTDA;IRQ4906;M. BENZ;O-500M                                            ;2011-02-25;2010;DIESEL
2026-08-20 01:58:08.516640;2034;AUTO VIACAO PRESIDENTE VARGAS LTDA;ISQ8241;M. BENZ;O-500M                                            ;2011-12-29;2011;DIESEL
2026-08-20 01:58:08.516640;4315;VIACAO ESTORIL LTDA;ISN8815;M. BENZ;O-500M                                            ;2011-11-30;2011;DIESEL
2026-08-20 01:58:08.516640;6452;NORTRAN TRANSPORTES COLETIVOS LTDA;IXC0796;M. BENZ;OF 1721                                           ;2016-02-15;2015;DIESEL
2026-08-20 01:58:08.516640;6410;NORTRAN TRANSPORTES COLETIVOS LTDA;IXC0826;VW;17230                                             ;2016-02-15;2015;DIESEL
2026-08-20 01:58:08.516640;1001;TRANSPORTES COLETIVOS TREVO LTDA;IXC0977;M. BENZ;O-500M                                            ;2016-02-15;2015;DIESEL
2026-08-20 01:58:08.516640;1107;TRANSPORTES COLETIVOS TREVO LTDA;IXC1014;VW;17230                                             ;2016-02-15;2015;DIESEL
2026-08-20 01:58:08.516640;3335;SUDESTE TRANSPORTES COLETIVOS LTDA;IXC1040;M. BENZ;O500 U                                            ;2016-02-15;2015;DIESEL
2026-08-20 01:58:08.516640;3517;EMPRESA GAZÔMETRO DE TRANSPORTES LTDA;IXC1056;M. BENZ;O-500M                                            ;2016-02-15;2015;DIESEL
2026-08-20 01:58:08.516640;3320;SUDESTE TRANSPORTES COLETIVOS LTDA;IXC1145;M. BENZ;O-500M                                            ;2016-02-15;2015;DIESEL
2026-08-20 01:58:08.516640;3328;SUDESTE TRANSPORTES COLETIVOS LTDA;IXC1151;M. BENZ;O-500M                                            ;2016-02-15;2015;DIESEL
2026-08-20 01:58:08.516640;6433;NORTRAN TRANSPORTES COLETIVOS LTDA;ITH0280;M. BENZ;OF 1722;2012-07-09;2011;DIESEL
2026-08-20 01:58:08.516640;6486;NORTRAN TRANSPORTES COLETIVOS LTDA;ISR1527;M. BENZ;OF 1722;2012-01-04;2011;DIESEL
2026-08-20 01:58:08.516640;6483;NORTRAN TRANSPORTES COLETIVOS LTDA;ISR1536;M. BENZ;OF 1722;2012-01-04;2011;DIESEL
2026-08-20 01:58:08.516640;727;CARRIS PORTO-ALEGRENSE LTDA;IQY3942;VOLVO                                             ;B7R                                               ;2010-07-16;2010;DIESEL
2026-08-20 01:58:08.516640;3122;SUDESTE TRANSPORTES COLETIVOS LTDA;IUB3982;VW;17230                                             ;2013-02-23;2012;DIESEL
2026-08-20 01:58:08.516640;805;CARRIS PORTO-ALEGRENSE LTDA;ISW4A11;M. BENZ;O500MA                                            ;2012-02-16;2010;DIESEL
2026-08-20 01:58:08.516640;2457;RESTINGA TRANSPORTES COLETIVOS LTDA;IRJ4941;M. BENZ;OF 1722M                                          ;2010-12-01;2010;DIESEL
2026-08-20 01:58:08.516640;2412;RESTINGA TRANSPORTES COLETIVOS LTDA;IRJ4959;M. BENZ;O 500                                             ;2010-12-01;2010;DIESEL
2026-08-20 01:58:08.516640;6745;SOCIEDADE DE ONIBUS PORTO ALEGRENSE LTDA;IUL5365;M. BENZ;O-500M                                            ;2013-06-28;2012;DIESEL
2026-08-20 01:58:08.516640;1169;TRANSPORTES COLETIVOS TREVO LTDA;ISA6063;M. BENZ;O500MA                                            ;2011-06-28;2010;DIESEL
2026-08-20 01:58:08.516640;4497;VIACAO ALTO PETROPOLIS LTDA;ITT6192;M. BENZ;OF 1721                                           ;2012-11-29;2012;DIESEL
2026-08-20 01:58:08.516640;1204;TRANSPORTES COLETIVOS TREVO LTDA;ITE6888;M. BENZ;OF 1722;2012-06-19;2011;DIESEL
2026-08-20 01:58:08.516640;825;CARRIS PORTO-ALEGRENSE LTDA;IWI7553;VOLVO                                             ;B340MA                                            ;2015-02-19;2014;DIESEL
2026-08-20 01:58:08.516640;3125;SUDESTE TRANSPORTES COLETIVOS LTDA;ITV0872;M. BENZ;O-500M                                            ;2012-12-08;2012;DIESEL
2026-08-20 01:58:08.516640;3128;SUDESTE TRANSPORTES COLETIVOS LTDA;ITV0876;M. BENZ;O-500M                                            ;2012-12-08;2012;DIESEL
2026-08-20 01:58:08.516640;821;CARRIS PORTO-ALEGRENSE LTDA;ITY1784;VOLVO                                             ;B340M                                             ;2013-01-13;2012;DIESEL
2026-08-20 01:58:08.516640;2195;VIACAO TERESOPOLIS CAVALHADA LTDA;ISM2788;M. BENZ;OF 1722;2011-11-12;2011;DIESEL
2026-08-20 01:58:08.516640;2386;VIACAO BELEM NOVO LTDA;ISP2J85;M. BENZ;O500MA                                            ;2011-12-14;2010;DIESEL
2026-08-20 01:58:08.516640;767;CARRIS PORTO-ALEGRENSE LTDA;IRA3872;M. BENZ;O500 U                                            ;2010-08-12;2010;DIESEL
2026-08-20 01:58:08.516640;6749;SOCIEDADE DE ONIBUS PORTO ALEGRENSE LTDA;IUL5433;M. BENZ;O-500M                                            ;2013-06-28;2012;DIESEL
2026-08-20 01:58:08.516640;4806;AUTO VIACAO PRESIDENTE VARGAS LTDA;ITV6765;M. BENZ;O-500M                                            ;2012-12-13;2012;DIESEL
2026-08-20 01:58:08.516640;1205;TRANSPORTES COLETIVOS TREVO LTDA;ITE6I99;M. BENZ;O500MA                                            ;2012-06-19;2010;DIESEL
2026-08-20 01:58:08.516640;4407;VIACAO ALTO PETROPOLIS LTDA;IQY7311;M. BENZ;O-500M                                            ;2010-07-23;2010;DIESEL
2026-08-20 01:58:08.516640;2143;VIACAO TERESOPOLIS CAVALHADA LTDA;ISU7438;M. BENZ;OF 1722M                                          ;2012-02-15;2011;DIESEL
2026-08-20 01:58:08.516640;2180;VIACAO TERESOPOLIS CAVALHADA LTDA;ISK2228;M. BENZ;OF 1722;2011-10-22;2011;DIESEL
2026-08-20 01:58:08.516640;1039;TRANSPORTES COLETIVOS TREVO LTDA;ISM2637;M. BENZ;OF 1722;2011-11-12;2011;DIESEL
2026-08-20 01:58:08.516640;1073;TRANSPORTES COLETIVOS TREVO LTDA;ISP5C51;M. BENZ;O500MA                                            ;2011-12-15;2011;DIESEL
2026-08-20 01:58:08.516640;787;CARRIS PORTO-ALEGRENSE LTDA;ISX5457;M. BENZ;O-500M                                            ;2012-03-21;2011;DIESEL
2026-08-20 01:58:08.516640;789;CARRIS PORTO-ALEGRENSE LTDA;ISY5491;M. BENZ;O-500M                                            ;2012-04-11;2011;DIESEL
2026-08-20 01:58:08.516640;2494;RESTINGA TRANSPORTES COLETIVOS LTDA;ISA6030;M. BENZ;O500MA                                            ;2011-06-28;2010;DIESEL
2026-08-20 01:58:08.516640;1108;TRANSPORTES COLETIVOS TREVO LTDA;ISA6071;M. BENZ;O500MA                                            ;2011-06-28;2010;DIESEL
2026-08-20 01:58:08.516640;6743;SOCIEDADE DE ONIBUS PORTO ALEGRENSE LTDA;IUL6140;M. BENZ;O-500M                                            ;2013-06-25;2012;DIESEL
2026-08-20 01:58:08.516640;1035;TRANSPORTES COLETIVOS TREVO LTDA;IRL7274;M. BENZ;OF 1722M                                          ;2010-12-21;2010;DIESEL
2026-08-20 01:58:08.516640;4430;VIACAO ALTO PETROPOLIS LTDA;IQY7368;M. BENZ;O-500M                                            ;2010-07-23;2010;DIESEL
2026-08-20 01:58:08.516640;6614;SOCIEDADE DE ONIBUS PORTO ALEGRENSE LTDA;IUS0364;M. BENZ;O-500M                                            ;2013-09-11;2012;DIESEL
2026-08-20 01:58:08.516640;3129;SUDESTE TRANSPORTES COLETIVOS LTDA;ITV0864;M. BENZ;O-500M                                            ;2012-12-08;2012;DIESEL
2026-08-20 01:58:08.516640;3139;SUDESTE TRANSPORTES COLETIVOS LTDA;ITQ1943;M. BENZ;OF 1721                                           ;2012-10-27;2012;DIESEL
2026-08-20 01:58:08.516640;4522;VIACAO ALTO PETROPOLIS LTDA;IQU3059;M. BENZ;O-500M                                            ;2010-05-15;2010;DIESEL
2026-08-20 01:58:08.516640;4453;VIACAO ALTO PETROPOLIS LTDA;IRQ4908;M. BENZ;O 500                                             ;2011-02-25;2010;DIESEL
2026-08-20 01:58:08.516640;827;CARRIS PORTO-ALEGRENSE LTDA;IWK4931;VOLVO                                             ;B340MA                                            ;2015-03-20;2014;DIESEL
2026-08-20 01:58:08.516640;779;CARRIS PORTO-ALEGRENSE LTDA;IRA5109;M. BENZ;O500 U                                            ;2010-08-14;2010;DIESEL
2026-08-20 01:58:08.516640;774;CARRIS PORTO-ALEGRENSE LTDA;IRA5205;M. BENZ;O500 U                                            ;2010-08-14;2010;DIESEL
2026-08-20 01:58:08.516640;6744;SOCIEDADE DE ONIBUS PORTO ALEGRENSE LTDA;IUL5332;M. BENZ;O-500M                                            ;2013-06-28;2012;DIESEL
2026-08-20 01:58:08.516640;794;CARRIS PORTO-ALEGRENSE LTDA;ITA5D88;M. BENZ;O-500M                                            ;2012-04-27;2011;DIESEL
2026-08-20 01:58:08.516640;6490;NORTRAN TRANSPORTES COLETIVOS LTDA;IUP7053;M. BENZ;OF 1721                                           ;2013-08-15;2013;DIESEL
2026-08-20 01:58:08.516640;6155;AUTO VIACAO NAVEGANTES LTDA;IUI3174;M. BENZ;OF 1721                                           ;2013-05-29;2012;DIESEL
2026-08-20 01:58:08.516640;2408;RESTINGA TRANSPORTES COLETIVOS LTDA;ISM3D91;M. BENZ;O-500M                                            ;2011-11-12;2011;DIESEL
2026-08-20 01:58:08.516640;743;CARRIS PORTO-ALEGRENSE LTDA;IQY3I02;M. BENZ;O-500M                                            ;2010-07-16;2010;DIESEL
2026-08-20 01:58:08.516640;816;CARRIS PORTO-ALEGRENSE LTDA;ITX4389;VOLVO                                             ;B340M                                             ;2012-12-26;2012;DIESEL
2026-08-20 01:58:08.516640;813;CARRIS PORTO-ALEGRENSE LTDA;ITX4417;VOLVO                                             ;B340M                                             ;2012-12-28;2012;DIESEL
2026-08-20 01:58:08.516640;4460;VIACAO ALTO PETROPOLIS LTDA;IQD4712;M. BENZ;O-500M                                            ;2009-09-23;2009;DIESEL
2026-08-20 01:58:08.516640;771;CARRIS PORTO-ALEGRENSE LTDA;IRA5217;M. BENZ;O500 U                                            ;2010-08-14;2010;DIESEL
2026-08-20 01:58:08.516640;862;CARRIS PORTO-ALEGRENSE LTDA;IWI6606;VOLVO                                             ;B290R                                             ;2015-02-14;2014;DIESEL
2026-08-20 01:58:08.516640;824;CARRIS PORTO-ALEGRENSE LTDA;IWI6827;VOLVO                                             ;B340MA                                            ;2015-02-14;2014;DIESEL
2026-08-20 01:58:08.516640;3084;SUDESTE TRANSPORTES COLETIVOS LTDA;IRA6908;M. BENZ;O-500M                                            ;2010-08-25;2010;DIESEL
2026-08-20 01:58:08.516640;4434;VIACAO ALTO PETROPOLIS LTDA;IQY7318;M. BENZ;O-500M                                            ;2010-07-23;2010;DIESEL
2026-08-20 01:58:08.516640;6436;NORTRAN TRANSPORTES COLETIVOS LTDA;ITH0D02;M. BENZ;OF 1722;2012-07-09;2011;DIESEL
2026-08-20 01:58:08.516640;4480;VIACAO ALTO PETROPOLIS LTDA;IRM8151;M. BENZ;OF 1722M                                          ;2011-01-11;2010;DIESEL
2026-08-20 01:58:08.516640;2113;VIACAO TERESOPOLIS CAVALHADA LTDA;ITW8176;M. BENZ;O-500M                                            ;2012-12-26;2012;DIESEL
2026-08-20 01:58:08.516640;6474;NORTRAN TRANSPORTES COLETIVOS LTDA;IXC0813;M. BENZ;OF 1721                                           ;2016-02-15;2015;DIESEL
2026-08-20 01:58:08.516640;2445;RESTINGA TRANSPORTES COLETIVOS LTDA;IXC0904;VW;17230                                             ;2016-02-15;2015;DIESEL
2026-08-20 01:58:08.516640;3304;SUDESTE TRANSPORTES COLETIVOS LTDA;IXC0955;M. BENZ;OF 1721                                           ;2016-02-15;2015;DIESEL
2026-08-20 01:58:08.516640;6408;NORTRAN TRANSPORTES COLETIVOS LTDA;IXC1A27;VW;17230                                             ;2016-02-15;2015;DIESEL
2026-08-20 01:58:08.516640;3506;EMPRESA GAZÔMETRO DE TRANSPORTES LTDA;IXC1071;M. BENZ;O-500M                                            ;2016-02-15;2015;DIESEL
2026-08-20 01:58:08.516640;6413;NORTRAN TRANSPORTES COLETIVOS LTDA;IXC1086;VW;17230                                             ;2016-02-15;2015;DIESEL
2026-08-20 01:58:08.516640;3327;SUDESTE TRANSPORTES COLETIVOS LTDA;IXC1380;M. BENZ;O-500M                                            ;2016-02-15;2015;DIESEL
2026-08-20 01:58:08.516640;4458;VIACAO ALTO PETROPOLIS LTDA;IXC1467;M. BENZ;OF 1721                                           ;2016-02-15;2015;DIESEL
2026-08-20 01:58:08.516640;6141;AUTO VIACAO NAVEGANTES LTDA;IXC1745;M. BENZ;OF 1721                                           ;2016-02-16;2015;DIESEL
2026-08-20 01:58:08.516640;6107;AUTO VIACAO NAVEGANTES LTDA;IXC1769;M. BENZ;O-500M                                            ;2016-02-16;2015;DIESEL
2026-08-20 01:58:08.516640;1216;TRANSPORTES COLETIVOS TREVO LTDA;IXC1940;M. BENZ;O-500M                                            ;2016-02-16;2015;DIESEL
2026-08-20 01:58:08.516640;1131;TRANSPORTES COLETIVOS TREVO LTDA;IXC1J89;M. BENZ;O-500M                                            ;2016-02-16;2015;DIESEL
2026-08-20 01:58:08.516640;866;CARRIS PORTO-ALEGRENSE LTDA;IWH9H94;VOLVO                                             ;B290R                                             ;2015-02-06;2014;DIESEL
2026-08-20 01:58:08.516640;6415;NORTRAN TRANSPORTES COLETIVOS LTDA;IXC0807;M. BENZ;OF 1721                                           ;2016-02-15;2015;DIESEL
2026-08-20 01:58:08.516640;6411;NORTRAN TRANSPORTES COLETIVOS LTDA;IXC0823;VW;17230                                             ;2016-02-15;2015;DIESEL
2026-08-20 01:58:08.516640;6583;NORTRAN TRANSPORTES COLETIVOS LTDA;IXC0837;M. BENZ;O-500M                                            ;2016-02-15;2015;DIESEL
2026-08-20 01:58:08.516640;3303;SUDESTE TRANSPORTES COLETIVOS LTDA;IXC0991;M. BENZ;OF 1721                                           ;2016-02-15;2015;DIESEL
2026-08-20 01:58:08.516640;6737;SOCIEDADE DE ONIBUS PORTO ALEGRENSE LTDA;IXC1190;M. BENZ;O-500M                                            ;2016-02-15;2015;DIESEL
2026-08-20 01:58:08.516640;2144;VIACAO TERESOPOLIS CAVALHADA LTDA;ITW8178;M. BENZ;O-500M                                            ;2012-12-26;2012;DIESEL
2026-08-20 01:58:08.516640;2148;VIACAO TERESOPOLIS CAVALHADA LTDA;ITW8180;M. BENZ;O-500M                                            ;2012-12-26;2012;DIESEL
2026-08-20 01:58:08.516640;6472;NORTRAN TRANSPORTES COLETIVOS LTDA;IXC0831;M. BENZ;OF 1721                                           ;2016-02-15;2015;DIESEL
2026-08-20 01:58:08.516640;3321;SUDESTE TRANSPORTES COLETIVOS LTDA;IXC1068;M. BENZ;O-500M                                            ;2016-02-15;2015;DIESEL
2026-08-20 01:58:08.516640;6607;SOCIEDADE DE ONIBUS PORTO ALEGRENSE LTDA;IXC1170;M. BENZ;OF 1721                                           ;2016-02-15;2015;DIESEL
2026-08-20 01:58:08.516640;6681;SOCIEDADE DE ONIBUS PORTO ALEGRENSE LTDA;IXC1194;VW;17230                                             ;2016-02-15;2015;DIESEL
2026-08-20 01:58:08.516640;4440;VIACAO ALTO PETROPOLIS LTDA;IXC1491;M. BENZ;OF 1721                                           ;2016-02-15;2015;DIESEL
2026-08-20 01:58:08.516640;4812;AUTO VIACAO PRESIDENTE VARGAS LTDA;IXC1604;M. BENZ;O-500M                                            ;2016-02-16;2015;DIESEL
2026-08-20 01:58:08.516640;6121;AUTO VIACAO NAVEGANTES LTDA;IXC1677;M. BENZ;OF 1721                                           ;2016-02-16;2015;DIESEL
2026-08-20 01:58:08.516640;2304;VIACAO BELEM NOVO LTDA;IXC0246;M. BENZ;O-500M                                            ;2016-02-12;2015;DIESEL
2026-08-20 01:58:08.516640;1164;TRANSPORTES COLETIVOS TREVO LTDA;IXC0J46;VW;17230                                             ;2016-02-15;2015;DIESEL
2026-08-20 01:58:08.516640;2431;RESTINGA TRANSPORTES COLETIVOS LTDA;IXC0971;VW;17230                                             ;2016-02-15;2015;DIESEL
2026-08-20 01:58:08.516640;6732;SOCIEDADE DE ONIBUS PORTO ALEGRENSE LTDA;IXC1253;M. BENZ;O-500M                                            ;2016-02-15;2015;DIESEL
2026-08-20 01:58:08.516640;1217;TRANSPORTES COLETIVOS TREVO LTDA;IXC1952;M. BENZ;O-500M                                            ;2016-02-16;2015;DIESEL
2026-08-20 01:58:08.516640;2235;VIACAO TERESOPOLIS CAVALHADA LTDA;IXC2289;M. BENZ;O500MA                                            ;2016-02-17;2015;DIESEL
2026-08-20 01:58:08.516640;1050;TRANSPORTES COLETIVOS TREVO LTDA;ITE6I71;M. BENZ;O500MA                                            ;2012-06-19;2010;DIESEL
2026-08-20 01:58:08.516640;6635;SOCIEDADE DE ONIBUS PORTO ALEGRENSE LTDA;IXC1443;M. BENZ;OF 1721                                           ;2016-02-15;2015;DIESEL
2026-08-20 01:58:08.516640;1139;TRANSPORTES COLETIVOS TREVO LTDA;IXC0926;VW;17230                                             ;2016-02-15;2015;DIESEL
2026-08-20 01:58:08.516640;1126;TRANSPORTES COLETIVOS TREVO LTDA;IXC1999;M. BENZ;O-500M                                            ;2016-02-16;2015;DIESEL
2026-08-20 01:58:08.516640;1101;TRANSPORTES COLETIVOS TREVO LTDA;IXC2025;M. BENZ;O-500M                                            ;2016-02-16;2015;DIESEL
2026-08-20 01:58:08.516640;4803;AUTO VIACAO PRESIDENTE VARGAS LTDA;IXC1680;M. BENZ;O-500M                                            ;2016-02-16;2015;DIESEL
2026-08-20 01:58:08.516640;1134;TRANSPORTES COLETIVOS TREVO LTDA;IXB9349;M. BENZ;O500MA                                            ;2016-02-10;2015;DIESEL
2026-08-20 01:58:08.516640;3342;SUDESTE TRANSPORTES COLETIVOS LTDA;IXC2033;M. BENZ;O500MA                                            ;2016-02-18;2015;DIESEL
2026-08-20 01:58:08.516640;2197;VIACAO TERESOPOLIS CAVALHADA LTDA;IXB9295;M. BENZ;O-500M                                            ;2016-02-13;2015;DIESEL
2026-08-20 01:58:08.516640;31;CARRIS PORTO-ALEGRENSE LTDA;JAC7J08;M. BENZ;OF 1721L;2020-07-29;2020;DIESEL
2026-08-20 01:58:08.516640;6631;SOCIEDADE DE ONIBUS PORTO ALEGRENSE LTDA;IXC1598;M. BENZ;OF 1721                                           ;2016-02-16;2015;DIESEL
2026-08-20 01:58:08.516640;6151;AUTO VIACAO NAVEGANTES LTDA;IXC1702;M. BENZ;OF 1721                                           ;2016-02-16;2015;DIESEL
2026-08-20 01:58:08.516640;4334;VIACAO ESTORIL LTDA;IXC3155;M. BENZ;OF 1721                                           ;2016-02-18;2015;DIESEL
2026-08-20 01:58:08.516640;2238;VIACAO TERESOPOLIS CAVALHADA LTDA;IXC6377;M. BENZ;OF 1721                                           ;2016-03-01;2015;DIESEL
2026-08-20 01:58:08.516640;6694;SOCIEDADE DE ONIBUS PORTO ALEGRENSE LTDA;IYW2065;M. BENZ;OF 1721                                           ;2018-10-29;2018;DIESEL
2026-08-20 01:58:08.516640;6419;NORTRAN TRANSPORTES COLETIVOS LTDA;IZQ0E53;M. BENZ;OF 1721L;2019-06-27;2019;DIESEL
2026-08-20 01:58:08.516640;6536;NORTRAN TRANSPORTES COLETIVOS LTDA;IZQ0E22;M. BENZ;OF 1721L;2019-10-16;2019;DIESEL
2026-08-20 01:58:08.516640;98;CARRIS PORTO-ALEGRENSE LTDA;JAD8B44;M. BENZ;OF 1721L;2020-07-29;2020;DIESEL
2026-08-20 01:58:08.516640;2473;RESTINGA TRANSPORTES COLETIVOS LTDA;JBQ5E34;VW;17230                                             ;2022-08-18;2022;DIESEL
2026-08-20 01:58:08.516640;4405;VIACAO ALTO PETROPOLIS LTDA;JBS4F94;M. BENZ;OF 1721                                           ;2022-08-31;2022;DIESEL
2026-08-20 01:58:08.516640;6726;SOCIEDADE DE ONIBUS PORTO ALEGRENSE LTDA;JBT8D92;M. BENZ;OF 1721L;2023-01-18;2022;DIESEL
2026-08-20 01:58:08.516640;6768;SOCIEDADE DE ONIBUS PORTO ALEGRENSE LTDA;IXC2710;M. BENZ;O500MA                                            ;2016-02-17;2015;DIESEL
2026-08-20 01:58:08.516640;6534;NORTRAN TRANSPORTES COLETIVOS LTDA;IZQ0E93;M. BENZ;OF 1721L;2019-10-16;2019;DIESEL
2026-08-20 01:58:08.516640;851;CARRIS PORTO-ALEGRENSE LTDA;IWJ2118;VOLVO                                             ;B290R                                             ;2015-02-28;2014;DIESEL
2026-08-20 01:58:08.516640;1097;TRANSPORTES COLETIVOS TREVO LTDA;ISM2645;M. BENZ;OF 1722;2011-11-12;2011;DIESEL
2026-08-20 01:58:08.516640;2411;RESTINGA TRANSPORTES COLETIVOS LTDA;IQM2809;M. BENZ;O-500M                                            ;2010-01-21;2009;DIESEL
2026-08-20 01:58:08.516640;1202;TRANSPORTES COLETIVOS TREVO LTDA;IRJ5422;M. BENZ;OF 1722M                                          ;2010-12-01;2010;DIESEL
2026-08-20 01:58:08.516640;4523;VIACAO ALTO PETROPOLIS LTDA;IQU3060;M. BENZ;O-500M                                            ;2010-05-15;2010;DIESEL
2026-08-20 01:58:08.516640;2347;VIACAO BELEM NOVO LTDA;ITI5228;M. BENZ;OF 1722;2011-12-31;2011;DIESEL
2026-08-20 01:58:08.516640;2387;VIACAO BELEM NOVO LTDA;ITG5007;M. BENZ;OF 1722;2011-12-31;2011;DIESEL
2026-08-20 01:58:08.516640;853;CARRIS PORTO-ALEGRENSE LTDA;IWI6660;VOLVO                                             ;B290R                                             ;2015-02-14;2014;DIESEL
2026-08-20 01:58:08.516640;4419;VIACAO ALTO PETROPOLIS LTDA;IQY7361;M. BENZ;O-500M                                            ;2010-07-23;2010;DIESEL
2026-08-20 01:58:08.516640;2416;RESTINGA TRANSPORTES COLETIVOS LTDA;ITB7542;M. BENZ;O500MA                                            ;2012-05-16;2010;DIESEL
2026-08-20 01:58:08.516640;1051;TRANSPORTES COLETIVOS TREVO LTDA;ISM8189;M. BENZ;OF 1722;2011-11-22;2011;DIESEL
2026-08-20 01:58:08.516640;1163;TRANSPORTES COLETIVOS TREVO LTDA;IXC0890;M. BENZ;O-500M                                            ;2016-02-15;2015;DIESEL
2026-08-20 01:58:08.516640;2493;RESTINGA TRANSPORTES COLETIVOS LTDA;ISA6A35;M. BENZ;O500MA                                            ;2011-06-28;2010;DIESEL
2026-08-20 01:58:08.516640;2151;VIACAO TERESOPOLIS CAVALHADA LTDA;IXC0810;M. BENZ;O-500M                                            ;2016-02-15;2015;DIESEL
2026-08-20 01:58:08.516640;6418;NORTRAN TRANSPORTES COLETIVOS LTDA;IXC0812;M. BENZ;OF 1721                                           ;2016-02-15;2015;DIESEL
2026-08-20 01:58:08.516640;2136;VIACAO TERESOPOLIS CAVALHADA LTDA;ITW8185;M. BENZ;O-500M                                            ;2012-12-26;2012;DIESEL
2026-08-20 01:58:08.516640;2413;RESTINGA TRANSPORTES COLETIVOS LTDA;IRJ8C69;M. BENZ;O 500                                             ;2010-12-02;2010;DIESEL
2026-08-20 01:58:08.516640;1057;TRANSPORTES COLETIVOS TREVO LTDA;IXC0929;VW;17230                                             ;2015-12-28;2015;DIESEL
2026-08-20 01:58:08.516640;1109;TRANSPORTES COLETIVOS TREVO LTDA;IXC0940;VW;17230                                             ;2016-02-15;2015;DIESEL
2026-08-20 01:58:08.516640;1063;TRANSPORTES COLETIVOS TREVO LTDA;IXC1030;VW;17230                                             ;2016-02-15;2015;DIESEL
2026-08-20 01:58:08.516640;6584;NORTRAN TRANSPORTES COLETIVOS LTDA;IXC1047;M. BENZ;O-500M                                            ;2016-02-15;2015;DIESEL
2026-08-20 01:58:08.516640;1190;TRANSPORTES COLETIVOS TREVO LTDA;IXC1113;VW;17230                                             ;2016-02-15;2015;DIESEL
2026-08-20 01:58:08.516640;3332;SUDESTE TRANSPORTES COLETIVOS LTDA;IXC1172;M. BENZ;O500 U                                            ;2016-02-15;2015;DIESEL
2026-08-20 01:58:08.516640;859;CARRIS PORTO-ALEGRENSE LTDA;IWH8A75;VOLVO                                             ;B290R                                             ;2015-01-31;2014;DIESEL
2026-08-20 01:58:08.516640;2008;AUTO VIACAO PRESIDENTE VARGAS LTDA;ISQ8233;M. BENZ;O-500M                                            ;2011-12-30;2011;DIESEL
2026-08-20 01:58:08.516640;6468;NORTRAN TRANSPORTES COLETIVOS LTDA;IXC1061;M. BENZ;OF 1721                                           ;2016-02-15;2015;DIESEL
2026-08-20 01:58:08.516640;4401;VIACAO ALTO PETROPOLIS LTDA;IXC1406;M. BENZ;OF 1721                                           ;2016-02-15;2015;DIESEL
2026-08-20 01:58:08.516640;6570;NORTRAN TRANSPORTES COLETIVOS LTDA;ITU9A59;M. BENZ;O500MA                                            ;2012-12-07;2012;DIESEL
2026-08-20 01:58:08.516640;1218;TRANSPORTES COLETIVOS TREVO LTDA;IXC1044;VW;17230                                             ;2016-02-15;2015;DIESEL
2026-08-20 01:58:08.516640;6471;NORTRAN TRANSPORTES COLETIVOS LTDA;IXC1074;M. BENZ;OF 1721                                           ;2016-02-15;2015;DIESEL
2026-08-20 01:58:08.516640;3315;SUDESTE TRANSPORTES COLETIVOS LTDA;IXC1123;M. BENZ;O-500M                                            ;2016-02-15;2015;DIESEL
2026-08-20 01:58:08.516640;3310;SUDESTE TRANSPORTES COLETIVOS LTDA;IXC1287;M. BENZ;O-500M                                            ;2016-02-15;2015;DIESEL
2026-08-20 01:58:08.516640;3301;SUDESTE TRANSPORTES COLETIVOS LTDA;IXC1369;M. BENZ;OF 1721                                           ;2016-02-15;2015;DIESEL
2026-08-20 01:58:08.516640;4824;AUTO VIACAO PRESIDENTE VARGAS LTDA;IXC1695;M. BENZ;OF 1721                                           ;2016-02-16;2015;DIESEL
2026-08-20 01:58:08.516640;4340;VIACAO ESTORIL LTDA;IXC3076;M. BENZ;O500 U                                            ;2016-02-18;2015;DIESEL
2026-08-20 01:58:08.516640;2329;VIACAO BELEM NOVO LTDA;IXB9700;M. BENZ;OF 1721                                           ;2016-02-11;2015;DIESEL
2026-08-20 01:58:08.516640;4517;VIACAO ALTO PETROPOLIS LTDA;IQB9440;M. BENZ;O-500M                                            ;2009-09-02;2009;DIESEL
2026-08-20 01:58:08.516640;870;CARRIS PORTO-ALEGRENSE LTDA;IWH9818;VOLVO                                             ;B290R                                             ;2015-02-06;2014;DIESEL
2026-08-20 01:58:08.516640;2375;VIACAO BELEM NOVO LTDA;IXC0265;M. BENZ;O 500                                             ;2016-02-12;2015;DIESEL
2026-08-20 01:58:08.516640;6476;NORTRAN TRANSPORTES COLETIVOS LTDA;IXC0797;M. BENZ;OF 1721                                           ;2016-02-15;2015;DIESEL
2026-08-20 01:58:08.516640;6470;NORTRAN TRANSPORTES COLETIVOS LTDA;IXC0846;M. BENZ;OF 1721                                           ;2016-02-15;2015;DIESEL
2026-08-20 01:58:08.516640;3337;SUDESTE TRANSPORTES COLETIVOS LTDA;IXC0913;M. BENZ;O500 U                                            ;2016-02-15;2015;DIESEL
2026-08-20 01:58:08.516640;3324;SUDESTE TRANSPORTES COLETIVOS LTDA;IXC0957;M. BENZ;O-500M                                            ;2016-02-15;2015;DIESEL
2026-08-20 01:58:08.516640;6133;AUTO VIACAO NAVEGANTES LTDA;IXC1782;VOLVO                                             ;B290R                                             ;2016-02-16;2015;DIESEL
2026-08-20 01:58:08.516640;2234;VIACAO TERESOPOLIS CAVALHADA LTDA;IXC2615;M. BENZ;O500MA                                            ;2016-02-17;2015;DIESEL
2026-08-20 01:58:08.516640;6711;SOCIEDADE DE ONIBUS PORTO ALEGRENSE LTDA;ITR8044;M. BENZ;OF 1721                                           ;2012-11-07;2012;DIESEL
2026-08-20 01:58:08.516640;6806;SOCIEDADE DE ONIBUS PORTO ALEGRENSE LTDA;IUA8224;M. BENZ;O500MA                                            ;2013-02-19;2012;DIESEL
2026-08-20 01:58:08.516640;849;CARRIS PORTO-ALEGRENSE LTDA;IWH9723;VOLVO                                             ;B290R                                             ;2015-02-05;2014;DIESEL
2026-08-20 01:58:08.516640;3340;SUDESTE TRANSPORTES COLETIVOS LTDA;IXC0945;M. BENZ;O500MA                                            ;2016-02-15;2015;DIESEL
2026-08-20 01:58:08.516640;3300;SUDESTE TRANSPORTES COLETIVOS LTDA;IXC0985;M. BENZ;OF 1721                                           ;2016-02-19;2015;DIESEL
2026-08-20 01:58:08.516640;1222;TRANSPORTES COLETIVOS TREVO LTDA;IXC1038;VW;17230                                             ;2016-02-15;2015;DIESEL
2026-08-20 01:58:08.516640;6685;SOCIEDADE DE ONIBUS PORTO ALEGRENSE LTDA;IXC1431;VW;17230                                             ;2016-02-15;2015;DIESEL
2026-08-20 01:58:08.516640;6605;SOCIEDADE DE ONIBUS PORTO ALEGRENSE LTDA;IXC1269;M. BENZ;OF 1721                                           ;2016-02-15;2015;DIESEL
2026-08-20 01:58:08.516640;6122;AUTO VIACAO NAVEGANTES LTDA;IXC1760;M. BENZ;O-500M                                            ;2016-02-16;2015;DIESEL
2026-08-20 01:58:08.516640;2231;VIACAO TERESOPOLIS CAVALHADA LTDA;IXC2287;M. BENZ;O500MA                                            ;2016-02-17;2015;DIESEL
2026-08-20 01:58:08.516640;2429;RESTINGA TRANSPORTES COLETIVOS LTDA;IXC0903;VW;17230                                             ;2016-02-15;2015;DIESEL
2026-08-20 01:58:08.516640;6153;AUTO VIACAO NAVEGANTES LTDA;IXC1694;VOLVO                                             ;B340MA                                            ;2016-02-16;2015;DIESEL
2026-08-20 01:58:08.516640;2232;VIACAO TERESOPOLIS CAVALHADA LTDA;IXC2975;M. BENZ;O500MA                                            ;2016-02-18;2015;DIESEL
2026-08-20 01:58:08.516640;4335;VIACAO ESTORIL LTDA;IXC3026;M. BENZ;O-500M                                            ;2016-02-18;2015;DIESEL
2026-08-20 01:58:08.516640;1074;TRANSPORTES COLETIVOS TREVO LTDA;ISM8192;M. BENZ;OF 1722;2011-11-22;2011;DIESEL
2026-08-20 01:58:08.516640;2319;VIACAO BELEM NOVO LTDA;ITW8J11;M. BENZ;O500MA                                            ;2012-12-26;2012;DIESEL
2026-08-20 01:58:08.516640;2299;VIACAO BELEM NOVO LTDA;IXC0753;M. BENZ;O500MA                                            ;2016-02-15;2015;DIESEL
2026-08-20 01:58:08.516640;2452;RESTINGA TRANSPORTES COLETIVOS LTDA;IXC0879;VW;17230                                             ;2016-02-15;2015;DIESEL
2026-08-20 01:58:08.516640;1221;TRANSPORTES COLETIVOS TREVO LTDA;IXC1957;M. BENZ;O-500M                                            ;2016-02-16;2015;DIESEL
2026-08-20 01:58:08.516640;3341;SUDESTE TRANSPORTES COLETIVOS LTDA;IXC2078;M. BENZ;O500MA                                            ;2016-02-16;2015;DIESEL
2026-08-20 01:58:08.516640;850;CARRIS PORTO-ALEGRENSE LTDA;IWH8A84;VOLVO                                             ;B290R                                             ;2015-01-31;2014;DIESEL
2026-08-20 01:58:08.516640;2052;AUTO VIACAO PRESIDENTE VARGAS LTDA;ISQ8259;M. BENZ;O-500M                                            ;2011-12-29;2011;DIESEL
2026-08-20 01:58:08.516640;2185;VIACAO TERESOPOLIS CAVALHADA LTDA;ISZ9706;M. BENZ;O500MA                                            ;2012-04-22;2010;DIESEL
2026-08-20 01:58:08.516640;2365;VIACAO BELEM NOVO LTDA;IXC0203;M. BENZ;OF 1721                                           ;2016-02-12;2015;DIESEL
2026-08-20 01:58:08.516640;6405;NORTRAN TRANSPORTES COLETIVOS LTDA;IXC0I17;VW;17230                                             ;2016-02-17;2015;DIESEL
2026-08-20 01:58:08.516640;2448;RESTINGA TRANSPORTES COLETIVOS LTDA;IXC0961;VW;17230                                             ;2016-02-15;2015;DIESEL
2026-08-20 01:58:08.516640;3523;EMPRESA GAZÔMETRO DE TRANSPORTES LTDA;IXC1076;M. BENZ;O-500M                                            ;2016-02-15;2015;DIESEL
2026-08-20 01:58:08.516640;6762;SOCIEDADE DE ONIBUS PORTO ALEGRENSE LTDA;IXC1135;M. BENZ;O-500M                                            ;2016-02-15;2015;DIESEL
2026-08-20 01:58:08.516640;6753;SOCIEDADE DE ONIBUS PORTO ALEGRENSE LTDA;IXC1146;M. BENZ;O-500M                                            ;2016-02-15;2015;DIESEL
2026-08-20 01:58:08.516640;3305;SUDESTE TRANSPORTES COLETIVOS LTDA;IXC1186;M. BENZ;OF 1721                                           ;2016-02-15;2015;DIESEL
2026-08-20 01:58:08.516640;3334;SUDESTE TRANSPORTES COLETIVOS LTDA;IXC1859;M. BENZ;O500 U                                            ;2016-02-16;2015;DIESEL
2026-08-20 01:58:08.516640;4506;VIACAO ALTO PETROPOLIS LTDA;IXC1415;M. BENZ;O-500M                                            ;2016-02-15;2015;DIESEL
2026-08-20 01:58:08.516640;6625;SOCIEDADE DE ONIBUS PORTO ALEGRENSE LTDA;IXC0906;M. BENZ;OF 1721                                           ;2016-02-15;2015;DIESEL
2026-08-20 01:58:08.516640;3314;SUDESTE TRANSPORTES COLETIVOS LTDA;IXC1312;M. BENZ;O-500M                                            ;2016-02-15;2015;DIESEL
2026-08-20 01:58:08.516640;2157;VIACAO TERESOPOLIS CAVALHADA LTDA;IXB9288;M. BENZ;O-500M                                            ;2016-02-13;2015;DIESEL
2026-08-20 01:58:08.516640;2158;VIACAO TERESOPOLIS CAVALHADA LTDA;IXB9291;M. BENZ;O-500M                                            ;2016-02-13;2015;DIESEL
2026-08-20 01:58:08.516640;6416;NORTRAN TRANSPORTES COLETIVOS LTDA;IXC0952;M. BENZ;OF 1721                                           ;2016-02-15;2015;DIESEL
2026-08-20 01:58:08.516640;6119;AUTO VIACAO NAVEGANTES LTDA;IXC1686;M. BENZ;O-500M                                            ;2016-02-16;2015;DIESEL
2026-08-20 01:58:08.516640;6535;NORTRAN TRANSPORTES COLETIVOS LTDA;IZQ0E37;M. BENZ;OF 1721L;2019-10-16;2019;DIESEL
2026-08-20 01:58:08.516640;63;CARRIS PORTO-ALEGRENSE LTDA;JAC8D37;M. BENZ;OF 1721L;2020-07-29;2020;DIESEL
2026-08-20 01:58:08.516640;59;CARRIS PORTO-ALEGRENSE LTDA;JAC8D86;M. BENZ;OF 1721L;2020-07-29;2020;DIESEL
2026-08-20 01:58:08.516640;6781;SOCIEDADE DE ONIBUS PORTO ALEGRENSE LTDA;JAH2B35;M. BENZ;O-500M                                            ;2020-10-07;2020;DIESEL
2026-08-20 01:58:08.516640;2301;VIACAO BELEM NOVO LTDA;JBJ6F64;M. BENZ;OF 1721                                           ;2022-01-06;2021;DIESEL
2026-08-20 01:58:08.516640;6594;NORTRAN TRANSPORTES COLETIVOS LTDA;JBU9F42;M. BENZ;OF 1721L;2022-11-11;2022;DIESEL
2026-08-20 01:58:08.516640;6760;SOCIEDADE DE ONIBUS PORTO ALEGRENSE LTDA;JBV6H52;M. BENZ;OF 1721                                           ;2023-03-09;2022;DIESEL
2026-08-20 01:58:08.516640;6110;AUTO VIACAO NAVEGANTES LTDA;IXC2187;VOLVO                                             ;B290R                                             ;2016-02-16;2015;DIESEL
2026-08-20 01:58:08.516640;4339;VIACAO ESTORIL LTDA;IXC3108;M. BENZ;O500 U                                            ;2016-02-18;2015;DIESEL
2026-08-20 01:58:08.516640;6127;AUTO VIACAO NAVEGANTES LTDA;IZO5J14;M. BENZ;OF 1721L;2019-09-25;2019;DIESEL
2026-08-20 01:58:08.516640;6623;SOCIEDADE DE ONIBUS PORTO ALEGRENSE LTDA;IZP2A91;M. BENZ;OF 1721L;2019-10-02;2019;DIESEL
2026-08-20 01:58:08.516640;51;CARRIS PORTO-ALEGRENSE LTDA;JAC8D93;M. BENZ;OF 1721L;2020-07-29;2020;DIESEL
2026-08-20 01:58:08.516640;94;CARRIS PORTO-ALEGRENSE LTDA;JAD8B82;M. BENZ;OF 1721L;2020-07-29;2020;DIESEL
2026-08-20 01:58:08.516640;2134;VIACAO TERESOPOLIS CAVALHADA LTDA;JBU7A63;M. BENZ;OF 1721                                           ;2023-02-13;2022;DIESEL
2026-08-20 01:58:08.516640;6651;SOCIEDADE DE ONIBUS PORTO ALEGRENSE LTDA;JCC7C92;Mercedes Benz;OF1619;2023-07-31;2023;DIESEL
2026-08-20 01:58:08.516640;6672;SOCIEDADE DE ONIBUS PORTO ALEGRENSE LTDA;JCF2D35;M. BENZ;OF 1721L;2023-04-27;2023;DIESEL
2026-08-20 01:58:08.516640;6618;SOCIEDADE DE ONIBUS PORTO ALEGRENSE LTDA;IZP2F54;M. BENZ;OF 1721L;2019-10-02;2019;DIESEL
2026-08-20 01:58:08.516640;6697;SOCIEDADE DE ONIBUS PORTO ALEGRENSE LTDA;IZP2E38;M. BENZ;OF 1721L;2019-10-02;2019;DIESEL
2026-08-20 01:58:08.516640;66;CARRIS PORTO-ALEGRENSE LTDA;JAD8G63;M. BENZ;OF 1721L;2020-08-14;2020;DIESEL
2026-08-20 01:58:08.516640;93;CARRIS PORTO-ALEGRENSE LTDA;JAD8G75;M. BENZ;OF 1721L;2020-08-14;2020;DIESEL
2026-08-20 01:58:08.516640;4825;AUTO VIACAO PRESIDENTE VARGAS LTDA;JBR3H33;VW;15190;2022-05-16;2022;DIESEL
2026-08-20 01:58:08.516640;4832;AUTO VIACAO PRESIDENTE VARGAS LTDA;JBR3H42;VW;15190;2022-05-13;2022;DIESEL
2026-08-20 01:58:08.516640;3353;SUDESTE TRANSPORTES COLETIVOS LTDA;JBS4E83;M. BENZ;OF 1721                                           ;2022-09-06;2022;DIESEL
2026-08-20 01:58:08.516640;4414;VIACAO ALTO PETROPOLIS LTDA;JBS4G77;M. BENZ;OF 1721                                           ;2022-12-22;2022;DIESEL
2026-08-20 01:58:08.516640;4433;VIACAO ALTO PETROPOLIS LTDA;JBS4H91;M. BENZ;OF 1721                                           ;2022-09-23;2022;DIESEL
2026-08-20 01:58:08.516640;6664;SOCIEDADE DE ONIBUS PORTO ALEGRENSE LTDA;JCD9B55;Mercedes Benz;OF1619;2023-08-22;2023;DIESEL
2026-08-20 01:58:08.516640;1193;TRANSPORTES COLETIVOS TREVO LTDA;JCD9B93;M. BENZ;OF 1721L;2023-08-22;2023;DIESEL
2026-08-20 01:58:08.516640;2105;VIACAO TERESOPOLIS CAVALHADA LTDA;JCH5C45;M. BENZ;OF 1721L;2023-10-27;2023;DIESEL
2026-08-20 01:58:08.516640;21;CARRIS PORTO-ALEGRENSE LTDA;JAC8D32;M. BENZ;OF 1721L;2020-07-29;2020;DIESEL
2026-08-20 01:58:08.516640;25;CARRIS PORTO-ALEGRENSE LTDA;JAD0B55;M. BENZ;OF 1721L;2020-07-29;2020;DIESEL
2026-08-20 01:58:08.516640;34;CARRIS PORTO-ALEGRENSE LTDA;JAD8B85;M. BENZ;OF 1721L;2020-07-29;2020;DIESEL
2026-08-20 01:58:08.516640;79;CARRIS PORTO-ALEGRENSE LTDA;JAD8G78;M. BENZ;OF 1721L;2020-08-14;2020;DIESEL
2026-08-20 01:58:08.516640;6588;NORTRAN TRANSPORTES COLETIVOS LTDA;JBJ4A15;M. BENZ;OF 1721                                           ;2022-01-06;2021;DIESEL
2026-08-20 01:58:08.516640;2470;RESTINGA TRANSPORTES COLETIVOS LTDA;JBR3C97;VW;17230                                             ;2022-08-18;2022;DIESEL
2026-08-20 01:58:08.516640;6444;NORTRAN TRANSPORTES COLETIVOS LTDA;JBT2C67;M. BENZ;OF1519;2023-01-03;2022;DIESEL
2026-08-20 01:58:08.516640;6599;NORTRAN TRANSPORTES COLETIVOS LTDA;JBV8J38;M. BENZ;OF 1721L;2023-03-15;2022;DIESEL
2026-08-20 01:58:08.516640;6478;NORTRAN TRANSPORTES COLETIVOS LTDA;JCF2A63;M. BENZ;OF 1721L;2023-08-15;2023;DIESEL
2026-08-20 01:58:08.516640;26;CARRIS PORTO-ALEGRENSE LTDA;JAC7I05;M. BENZ;OF 1721L;2020-07-29;2020;DIESEL
2026-08-20 01:58:08.516640;97;CARRIS PORTO-ALEGRENSE LTDA;JAD8G53;M. BENZ;OF 1721L;2020-08-14;2020;DIESEL
2026-08-20 01:58:08.516640;6443;NORTRAN TRANSPORTES COLETIVOS LTDA;JBT2C50;M. BENZ;OF1519;2023-01-03;2022;DIESEL
2026-08-20 01:58:08.516640;6706;SOCIEDADE DE ONIBUS PORTO ALEGRENSE LTDA;JBT9H33;M. BENZ;OF 1721L;2023-01-23;2022;DIESEL
2026-08-20 01:58:08.516640;4833;AUTO VIACAO PRESIDENTE VARGAS LTDA;JBV2C30;M. BENZ;OF1519;2023-02-27;2022;DIESEL
2026-08-20 01:58:08.516640;6596;NORTRAN TRANSPORTES COLETIVOS LTDA;JBV9I15;M. BENZ;OF 1721L;2023-03-15;2022;DIESEL
2026-08-20 01:58:08.516640;6455;NORTRAN TRANSPORTES COLETIVOS LTDA;JCF2A48;M. BENZ;OF 1721L;2023-08-15;2023;DIESEL
2026-08-20 01:58:08.516640;6644;SOCIEDADE DE ONIBUS PORTO ALEGRENSE LTDA;IZP2B92;M. BENZ;OF 1721L;2019-10-02;2019;DIESEL
2026-08-20 01:58:08.516640;6663;SOCIEDADE DE ONIBUS PORTO ALEGRENSE LTDA;IZP2E54;M. BENZ;OF 1721L;2019-10-02;2019;DIESEL
2026-08-20 01:58:08.516640;3;CARRIS PORTO-ALEGRENSE LTDA;JAC7I12;M. BENZ;OF 1721L;2020-07-29;2020;DIESEL
2026-08-20 01:58:08.516640;38;CARRIS PORTO-ALEGRENSE LTDA;JAD0B67;M. BENZ;OF 1721L;2020-07-29;2020;DIESEL
2026-08-20 01:58:08.516640;4;CARRIS PORTO-ALEGRENSE LTDA;JAD0C55;M. BENZ;OF 1721L;2020-07-29;2020;DIESEL
2026-08-20 01:58:08.516640;69;CARRIS PORTO-ALEGRENSE LTDA;JAD8B60;M. BENZ;OF 1721L;2020-07-29;2020;DIESEL
2026-08-20 01:58:08.516640;6639;SOCIEDADE DE ONIBUS PORTO ALEGRENSE LTDA;JBP4G45;M. BENZ;OF 1721                                           ;2022-07-05;2022;DIESEL
2026-08-20 01:58:08.516640;3355;SUDESTE TRANSPORTES COLETIVOS LTDA;JBS4F23;M. BENZ;OF 1721                                           ;2022-09-06;2022;DIESEL
2026-08-20 01:58:08.516640;2307;VIACAO BELEM NOVO LTDA;JBT1D72;M. BENZ;OF 1721                                           ;2022-09-12;2022;DIESEL
2026-08-20 01:58:08.516640;6728;SOCIEDADE DE ONIBUS PORTO ALEGRENSE LTDA;JBT8D75;M. BENZ;OF 1721L;2023-01-18;2022;DIESEL
2026-08-20 01:58:08.516640;4843;AUTO VIACAO PRESIDENTE VARGAS LTDA;JBV2C50;M. BENZ;OF1519;2023-02-27;2022;DIESEL
2026-08-20 01:58:08.516640;6671;SOCIEDADE DE ONIBUS PORTO ALEGRENSE LTDA;JCE1B55;Mercedes Benz;OF1619;2023-08-25;2023;DIESEL
2026-08-20 01:58:08.516640;2339;VIACAO BELEM NOVO LTDA;IXB9586;M. BENZ;OF 1721                                           ;2016-02-11;2015;DIESEL
2026-08-20 01:58:08.516640;6659;SOCIEDADE DE ONIBUS PORTO ALEGRENSE LTDA;IZP2E25;M. BENZ;OF 1721L;2019-10-02;2019;DIESEL
2026-08-20 01:58:08.516640;15;CARRIS PORTO-ALEGRENSE LTDA;JAC7I89;M. BENZ;OF 1721L;2020-07-29;2020;DIESEL
2026-08-20 01:58:08.516640;81;CARRIS PORTO-ALEGRENSE LTDA;JAD8D80;M. BENZ;OF 1721L;2020-07-29;2020;DIESEL
2026-08-20 01:58:08.516640;75;CARRIS PORTO-ALEGRENSE LTDA;JAD8J06;M. BENZ;OF 1721L;2020-08-14;2020;DIESEL
2026-08-20 01:58:08.516640;68;CARRIS PORTO-ALEGRENSE LTDA;JAD8J76;M. BENZ;OF 1721L;2020-08-14;2020;DIESEL
2026-08-20 01:58:08.516640;54;CARRIS PORTO-ALEGRENSE LTDA;JAD8J19;M. BENZ;OF 1721L;2020-08-14;2020;DIESEL
2026-08-20 01:58:08.516640;6698;SOCIEDADE DE ONIBUS PORTO ALEGRENSE LTDA;JBS9A55;M. BENZ;OF 1721                                           ;2022-09-21;2022;DIESEL
2026-08-20 01:58:08.516640;6709;SOCIEDADE DE ONIBUS PORTO ALEGRENSE LTDA;JBS9A68;M. BENZ;OF 1721                                           ;2022-12-21;2022;DIESEL
2026-08-20 01:58:08.516640;6735;SOCIEDADE DE ONIBUS PORTO ALEGRENSE LTDA;JBT9A57;M. BENZ;OF 1721L;2023-01-20;2022;DIESEL
2026-08-20 01:58:08.516640;6665;SOCIEDADE DE ONIBUS PORTO ALEGRENSE LTDA;JCF2C94;Mercedes Benz;OF1619;2023-05-12;2023;DIESEL
2026-08-20 01:58:08.516640;4337;VIACAO ESTORIL LTDA;IXC3057;M. BENZ;O500 U                                            ;2016-02-18;2015;DIESEL
2026-08-20 01:58:08.516640;6499;NORTRAN TRANSPORTES COLETIVOS LTDA;IYW1864;M. BENZ;OF 1721                                           ;2018-10-29;2018;DIESEL
2026-08-20 01:58:08.516640;18;CARRIS PORTO-ALEGRENSE LTDA;JAC7I26;M. BENZ;OF 1721L;2020-07-29;2020;DIESEL
2026-08-20 01:58:08.516640;77;CARRIS PORTO-ALEGRENSE LTDA;JAD8B56;M. BENZ;OF 1721L;2020-07-29;2020;DIESEL
2026-08-20 01:58:08.516640;55;CARRIS PORTO-ALEGRENSE LTDA;JAD8E80;M. BENZ;OF 1721L;2020-08-14;2020;DIESEL
2026-08-20 01:58:08.516640;3350;SUDESTE TRANSPORTES COLETIVOS LTDA;JBJ3G19;M.BENZ;LO 712;2022-06-21;2021;DIESEL
2026-08-20 01:58:08.516640;2333;VIACAO BELEM NOVO LTDA;JBS5H11;M. BENZ;OF 1721                                           ;2022-08-17;2022;DIESEL
2026-08-20 01:58:08.516640;2212;VIACAO TERESOPOLIS CAVALHADA LTDA;JAC1A27;M. BENZ;OF 1721                                           ;2020-07-08;2019;DIESEL
2026-08-20 01:58:08.516640;22;CARRIS PORTO-ALEGRENSE LTDA;JAC7I22;M. BENZ;OF 1721L;2020-07-29;2020;DIESEL
2026-08-20 01:58:08.516640;24;CARRIS PORTO-ALEGRENSE LTDA;JAC7I61;M. BENZ;OF 1721L;2020-07-29;2020;DIESEL
2026-08-20 01:58:08.516640;92;CARRIS PORTO-ALEGRENSE LTDA;JAD8E61;M. BENZ;OF 1721L;2020-08-14;2020;DIESEL
2026-08-20 01:58:08.516640;49;CARRIS PORTO-ALEGRENSE LTDA;JAD8G72;M. BENZ;OF 1721L;2020-08-14;2020;DIESEL
2026-08-20 01:58:08.516640;3354;SUDESTE TRANSPORTES COLETIVOS LTDA;JBS4E77;M. BENZ;OF 1721                                           ;2022-09-06;2022;DIESEL
2026-08-20 01:58:08.516640;6598;NORTRAN TRANSPORTES COLETIVOS LTDA;JBV8J13;M. BENZ;OF 1721L;2023-03-15;2022;DIESEL
2026-08-20 01:58:08.516640;6441;NORTRAN TRANSPORTES COLETIVOS LTDA;JBT7D73;M. BENZ;OF1519;2023-01-17;2022;DIESEL
2026-08-20 01:58:08.516640;3365;SUDESTE TRANSPORTES COLETIVOS LTDA;JBX4D74;M. BENZ;OF 1721                                           ;2023-04-13;2022;DIESEL
2026-08-20 01:58:08.516640;1198;TRANSPORTES COLETIVOS TREVO LTDA;JCD4A43;M. BENZ;OF 1721L;2023-08-10;2023;DIESEL
2026-08-20 01:58:08.516640;3512;EMPRESA GAZÔMETRO DE TRANSPORTES LTDA;ISR1F47;M. BENZ;O-500M                                            ;2023-12-08;2011;DIESEL
2026-08-20 01:58:08.516640;6480;NORTRAN TRANSPORTES COLETIVOS LTDA;JCF2A58;M. BENZ;OF 1721L;2023-08-15;2023;DIESEL
2026-08-20 01:58:08.516640;4445;VIACAO ALTO PETROPOLIS LTDA;JBZ7H57;M. BENZ;OF 1721L;2023-06-06;2022;DIESEL
2026-08-20 01:58:08.516640;6502;NORTRAN TRANSPORTES COLETIVOS LTDA;JCP5G25;Mercedes Benz;OF 1619;2023-11-28;2023;DIESEL
2026-08-20 01:58:08.516640;6653;SOCIEDADE DE ONIBUS PORTO ALEGRENSE LTDA;JCD9B28;Mercedes Benz;OF1619;2023-08-22;2023;DIESEL
2026-08-20 01:58:08.516640;6439;NORTRAN TRANSPORTES COLETIVOS LTDA;JCF8E51;Mercedes Benz;OF 1619;2023-09-27;2023;DIESEL
2026-08-20 01:58:08.516640;2162;VIACAO TERESOPOLIS CAVALHADA LTDA;JCH5C97;M. BENZ;OF 1721L;2023-10-27;2023;DIESEL
2026-08-20 01:58:08.516640;2142;VIACAO TERESOPOLIS CAVALHADA LTDA;JCH5H04;M. BENZ;OF 1721L;2023-10-27;2023;DIESEL
2026-08-20 01:58:08.516640;6676;SOCIEDADE DE ONIBUS PORTO ALEGRENSE LTDA;JCS7A37;M. BENZ;OF 1721L;2024-06-10;2023;DIESEL
2026-08-20 01:58:08.516640;137;CARRIS PORTO-ALEGRENSE LTDA;JCU9C06;M. BENZ;OF 1721L;2024-07-15;2024;DIESEL
2026-08-20 01:58:08.516640;127;CARRIS PORTO-ALEGRENSE LTDA;JCV2D49;M. BENZ;OF 1721L;2024-07-18;2024;DIESEL
2026-08-20 01:58:08.516640;155;CARRIS PORTO-ALEGRENSE LTDA;JCV2F53;M. BENZ;OF 1619;2024-07-18;2024;DIESEL
2026-08-20 01:58:08.516640;124;CARRIS PORTO-ALEGRENSE LTDA;JCV6I82;M. BENZ;OF 1721L;2024-07-25;2024;DIESEL
2026-08-20 01:58:08.516640;168;CARRIS PORTO-ALEGRENSE LTDA;JCZ8I44;M. BENZ;OF 1721                                           ;2024-09-25;2024;DIESEL
2026-08-20 01:58:08.516640;162;CARRIS PORTO-ALEGRENSE LTDA;JDA2A72;Mercedes Benz;0F 1721 L;2024-09-30;2024;DIESEL
2026-08-20 01:58:08.516640;6707;SOCIEDADE DE ONIBUS PORTO ALEGRENSE LTDA;JDK5H82;M. BENZ;OF 1721L;2025-03-11;2024;DIESEL
2026-08-20 01:58:08.516640;6105;AUTO VIACAO NAVEGANTES LTDA;JCH7F85;M. BENZ;OF 1619;2023-10-31;2023;DIESEL
2026-08-20 01:58:08.516640;3369;SUDESTE TRANSPORTES COLETIVOS LTDA;JCH7D75;M. BENZ;OF 1721L;2023-10-31;2023;DIESEL
2026-08-20 01:58:08.516640;2479;RESTINGA TRANSPORTES COLETIVOS LTDA;JCI2G56;M. BENZ;OF 1721                                           ;2023-11-09;2023;DIESEL
2026-08-20 01:58:08.516640;128;CARRIS PORTO-ALEGRENSE LTDA;JCU9B70;M. BENZ;OF 1721L;2024-07-15;2024;DIESEL
2026-08-20 01:58:08.516640;171;CARRIS PORTO-ALEGRENSE LTDA;JCZ8I33;M. BENZ;OF 1721                                           ;2024-09-25;2024;DIESEL
2026-08-20 01:58:08.516640;1232;TRANSPORTES COLETIVOS TREVO LTDA;JDC1F68;M. BENZ;OF1619;2024-10-25;2024;DIESEL
2026-08-20 01:58:08.516640;1236;TRANSPORTES COLETIVOS TREVO LTDA;JDD4B75;M. BENZ;OF 1619;2024-11-11;2024;DIESEL
2026-08-20 01:58:08.516640;2460;RESTINGA TRANSPORTES COLETIVOS LTDA;JDE2I77;M. BENZ;OF 1721L;2024-11-25;2024;DIESEL
2026-08-20 01:58:08.516640;6116;AUTO VIACAO NAVEGANTES LTDA;JCH7F73;M. BENZ;OF 1619;2023-10-31;2023;DIESEL
2026-08-20 01:58:08.516640;4417;VIACAO ALTO PETROPOLIS LTDA;JCI5F85;M. BENZ;OF 1721                                           ;2023-11-16;2023;DIESEL
2026-08-20 01:58:08.516640;4473;VIACAO ALTO PETROPOLIS LTDA;IRQ4903;M. BENZ;O-500M                                            ;2011-03-02;2010;DIESEL
2026-08-20 01:58:08.516640;4495;VIACAO ALTO PETROPOLIS LTDA;ITU9644;M. BENZ;O-500M                                            ;2012-12-07;2012;DIESEL
2026-08-20 01:58:08.516640;823;CARRIS PORTO-ALEGRENSE LTDA;IWI7665;VOLVO                                             ;B340MA                                            ;2015-02-19;2014;DIESEL
2026-08-20 01:58:08.516640;2187;VIACAO TERESOPOLIS CAVALHADA LTDA;ITW8182;M. BENZ;O-500M                                            ;2012-12-26;2012;DIESEL
2026-08-20 01:58:08.516640;2350;VIACAO BELEM NOVO LTDA;IXC0240;M. BENZ;O 500                                             ;2016-02-12;2015;DIESEL
2026-08-20 01:58:08.516640;4501;VIACAO ALTO PETROPOLIS LTDA;ITT6169;M. BENZ;OF 1721                                           ;2012-11-29;2012;DIESEL
2026-08-20 01:58:08.516640;6461;NORTRAN TRANSPORTES COLETIVOS LTDA;ITM9220;M. BENZ;OF 1721                                           ;2012-09-03;2012;DIESEL
2026-08-20 01:58:08.516640;2447;RESTINGA TRANSPORTES COLETIVOS LTDA;IXC0960;VW;17230                                             ;2016-02-15;2015;DIESEL
2026-08-20 01:58:08.516640;3339;SUDESTE TRANSPORTES COLETIVOS LTDA;IXC1339;M. BENZ;O500 U                                            ;2016-02-15;2015;DIESEL
2026-08-20 01:58:08.516640;6809;SOCIEDADE DE ONIBUS PORTO ALEGRENSE LTDA;ITV8078;M. BENZ;O500MA                                            ;2012-12-27;2012;DIESEL
2026-08-20 01:58:08.516640;858;CARRIS PORTO-ALEGRENSE LTDA;IWH8269;VOLVO                                             ;B290R                                             ;2015-01-31;2014;DIESEL
2026-08-20 01:58:08.516640;4455;VIACAO ALTO PETROPOLIS LTDA;IRA9086;M. BENZ;O-500M                                            ;2010-08-20;2010;DIESEL
2026-08-20 01:58:08.516640;2152;VIACAO TERESOPOLIS CAVALHADA LTDA;IXC0105;M. BENZ;O-500M                                            ;2016-02-12;2015;DIESEL
2026-08-20 01:58:08.516640;3336;SUDESTE TRANSPORTES COLETIVOS LTDA;IXC0855;M. BENZ;O500 U                                            ;2016-02-15;2015;DIESEL
2026-08-20 01:58:08.516640;6621;SOCIEDADE DE ONIBUS PORTO ALEGRENSE LTDA;IXC1129;M. BENZ;OF 1721                                           ;2016-02-15;2015;DIESEL
2026-08-20 01:58:08.516640;6144;AUTO VIACAO NAVEGANTES LTDA;IXC1710;VOLVO                                             ;B340MA                                            ;2016-02-16;2015;DIESEL
2026-08-20 01:58:08.516640;1172;TRANSPORTES COLETIVOS TREVO LTDA;IXC1986;M. BENZ;O-500M                                            ;2016-02-16;2015;DIESEL
2026-08-20 01:58:08.516640;6409;NORTRAN TRANSPORTES COLETIVOS LTDA;IXC0799;VW;17230                                             ;2016-02-15;2015;DIESEL
2026-08-20 01:58:08.516640;3319;SUDESTE TRANSPORTES COLETIVOS LTDA;IXC1089;M. BENZ;O-500M                                            ;2016-02-15;2015;DIESEL
2026-08-20 01:58:08.516640;4853;AUTO VIACAO PRESIDENTE VARGAS LTDA;IXC1636;M. BENZ;OF 1721                                           ;2016-02-16;2015;DIESEL
2026-08-20 01:58:08.516640;6763;SOCIEDADE DE ONIBUS PORTO ALEGRENSE LTDA;IXC2715;M. BENZ;O500MA                                            ;2016-02-17;2015;DIESEL
2026-08-20 01:58:08.516640;6532;NORTRAN TRANSPORTES COLETIVOS LTDA;IYW1865;M. BENZ;OF 1721                                           ;2018-10-29;2018;DIESEL
2026-08-20 01:58:08.516640;4516;VIACAO ALTO PETROPOLIS LTDA;IQB9067;M. BENZ;O-500M                                            ;2009-09-02;2009;DIESEL
2026-08-20 01:58:08.516640;2364;VIACAO BELEM NOVO LTDA;IXC0213;M. BENZ;OF 1721                                           ;2016-02-12;2015;DIESEL
2026-08-20 01:58:08.516640;6475;NORTRAN TRANSPORTES COLETIVOS LTDA;IXC0790;M. BENZ;OF 1721                                           ;2016-02-15;2015;DIESEL
2026-08-20 01:58:08.516640;6417;NORTRAN TRANSPORTES COLETIVOS LTDA;IXC0839;M. BENZ;OF 1721                                           ;2016-02-15;2015;DIESEL
2026-08-20 01:58:08.516640;1119;TRANSPORTES COLETIVOS TREVO LTDA;IXC1022;VW;17230                                             ;2016-02-15;2015;DIESEL
2026-08-20 01:58:08.516640;1171;TRANSPORTES COLETIVOS TREVO LTDA;IXC1034;VW;17230                                             ;2016-02-15;2015;DIESEL
2026-08-20 01:58:08.516640;4508;VIACAO ALTO PETROPOLIS LTDA;IXC1430;M. BENZ;O500 U                                            ;2016-02-15;2015;DIESEL
2026-08-20 01:58:08.516640;4815;AUTO VIACAO PRESIDENTE VARGAS LTDA;IXC1681;M. BENZ;O-500M                                            ;2016-02-16;2015;DIESEL
2026-08-20 01:58:08.516640;6581;NORTRAN TRANSPORTES COLETIVOS LTDA;IXC0840;M. BENZ;O-500M                                            ;2016-02-15;2015;DIESEL
2026-08-20 01:58:08.516640;6407;NORTRAN TRANSPORTES COLETIVOS LTDA;IXC0I53;VW;17230                                             ;2016-02-15;2015;DIESEL
2026-08-20 01:58:08.516640;3316;SUDESTE TRANSPORTES COLETIVOS LTDA;IXC1024;M. BENZ;O-500M                                            ;2016-02-15;2015;DIESEL
2026-08-20 01:58:08.516640;6610;SOCIEDADE DE ONIBUS PORTO ALEGRENSE LTDA;IXC1164;M. BENZ;OF 1721                                           ;2016-02-15;2015;DIESEL
2026-08-20 01:58:08.516640;4403;VIACAO ALTO PETROPOLIS LTDA;IXC1456;M. BENZ;OF 1721                                           ;2016-02-15;2015;DIESEL
2026-08-20 01:58:08.516640;4476;VIACAO ALTO PETROPOLIS LTDA;IXC1485;M. BENZ;O-500M                                            ;2016-02-15;2015;DIESEL
2026-08-20 01:58:08.516640;4823;AUTO VIACAO PRESIDENTE VARGAS LTDA;IXC1740;M. BENZ;OF 1721                                           ;2016-02-16;2015;DIESEL
2026-08-20 01:58:08.516640;1219;TRANSPORTES COLETIVOS TREVO LTDA;IXC1964;M. BENZ;O-500M                                            ;2016-02-16;2015;DIESEL
2026-08-20 01:58:08.516640;1004;TRANSPORTES COLETIVOS TREVO LTDA;IXC2029;M. BENZ;O-500M                                            ;2016-02-16;2015;DIESEL
2026-08-20 01:58:08.516640;1016;TRANSPORTES COLETIVOS TREVO LTDA;IRL7271;M. BENZ;OF 1722M                                          ;2010-12-21;2010;DIESEL
2026-08-20 01:58:08.516640;4505;VIACAO ALTO PETROPOLIS LTDA;IXC1478;M. BENZ;O500 U                                            ;2016-02-15;2015;DIESEL
2026-08-20 01:58:08.516640;1103;TRANSPORTES COLETIVOS TREVO LTDA;ISM8198;M. BENZ;OF 1722;2011-11-22;2011;DIESEL
2026-08-20 01:58:08.516640;2196;VIACAO TERESOPOLIS CAVALHADA LTDA;IXB9294;M. BENZ;O-500M                                            ;2016-02-13;2015;DIESEL
2026-08-20 01:58:08.516640;2037;AUTO VIACAO PRESIDENTE VARGAS LTDA;ISQ8256;M. BENZ;O-500M                                            ;2011-12-29;2011;DIESEL
2026-08-20 01:58:08.516640;2328;VIACAO BELEM NOVO LTDA;ITW8892;M. BENZ;O-500M                                            ;2012-12-26;2012;DIESEL
2026-08-20 01:58:08.516640;6684;SOCIEDADE DE ONIBUS PORTO ALEGRENSE LTDA;IXC1184;VW;17230                                             ;2016-02-15;2015;DIESEL
2026-08-20 01:58:08.516640;6132;AUTO VIACAO NAVEGANTES LTDA;IXC1791;M. BENZ;OF 1721                                           ;2016-02-16;2015;DIESEL
2026-08-20 01:58:08.516640;2150;VIACAO TERESOPOLIS CAVALHADA LTDA;IXC0103;M. BENZ;O-500M                                            ;2016-02-12;2015;DIESEL
2026-08-20 01:58:08.516640;1130;TRANSPORTES COLETIVOS TREVO LTDA;IXB9413;M. BENZ;O500MA                                            ;2016-02-10;2015;DIESEL
2026-08-20 01:58:08.516640;6495;NORTRAN TRANSPORTES COLETIVOS LTDA;IYW1863;M. BENZ;OF 1721                                           ;2018-10-29;2018;DIESEL
2026-08-20 01:58:08.516640;6641;SOCIEDADE DE ONIBUS PORTO ALEGRENSE LTDA;IYW2056;M. BENZ;OF 1721                                           ;2018-10-29;2018;DIESEL
2026-08-20 01:58:08.516640;6402;NORTRAN TRANSPORTES COLETIVOS LTDA;IYW3337;M. BENZ;OF 1721                                           ;2018-10-30;2018;DIESEL
2026-08-20 01:58:08.516640;6640;SOCIEDADE DE ONIBUS PORTO ALEGRENSE LTDA;IZP2B64;M. BENZ;OF 1721L;2019-10-02;2019;DIESEL
2026-08-20 01:58:08.516640;6123;AUTO VIACAO NAVEGANTES LTDA;IXC1698;M. BENZ;O-500M                                            ;2016-02-16;2015;DIESEL
2026-08-20 01:58:08.516640;6421;NORTRAN TRANSPORTES COLETIVOS LTDA;IZQ0F15;M. BENZ;OF 1721L;2019-10-16;2019;DIESEL
2026-08-20 01:58:08.516640;3346;SUDESTE TRANSPORTES COLETIVOS LTDA;IZQ4F20;M. BENZ;OF1519;2019-10-25;2019;DIESEL
2026-08-20 01:58:08.516640;16;CARRIS PORTO-ALEGRENSE LTDA;JAC7I49;M. BENZ;OF 1721L;2020-07-29;2020;DIESEL
2026-08-20 01:58:08.516640;46;CARRIS PORTO-ALEGRENSE LTDA;JAC7H98;M. BENZ;OF 1721L;2020-07-29;2020;DIESEL
2026-08-20 01:58:08.516640;2495;RESTINGA TRANSPORTES COLETIVOS LTDA;ISM9437;M. BENZ;O-500M                                            ;2011-11-22;2011;DIESEL
2026-08-20 01:58:08.516640;6451;NORTRAN TRANSPORTES COLETIVOS LTDA;IXC0867;M. BENZ;OF 1721                                           ;2016-02-15;2015;DIESEL
2026-08-20 01:58:08.516640;3331;SUDESTE TRANSPORTES COLETIVOS LTDA;IXC1028;M. BENZ;O500 U                                            ;2016-02-15;2015;DIESEL
2026-08-20 01:58:08.516640;2399;VIACAO BELEM NOVO LTDA;IXC1033;M. BENZ;O500MA                                            ;2016-02-15;2015;DIESEL
2026-08-20 01:58:08.516640;3318;SUDESTE TRANSPORTES COLETIVOS LTDA;IXC1130;M. BENZ;O-500M                                            ;2016-02-15;2015;DIESEL
2026-08-20 01:58:08.516640;4475;VIACAO ALTO PETROPOLIS LTDA;IXC1419;M. BENZ;O-500M                                            ;2016-02-15;2015;DIESEL
2026-08-20 01:58:08.516640;852;CARRIS PORTO-ALEGRENSE LTDA;IWH8237;VOLVO                                             ;B290R                                             ;2015-01-31;2014;DIESEL
2026-08-20 01:58:08.516640;2363;VIACAO BELEM NOVO LTDA;ITW8932;M. BENZ;O500MA                                            ;2012-12-26;2012;DIESEL
2026-08-20 01:58:08.516640;868;CARRIS PORTO-ALEGRENSE LTDA;IWH9703;VOLVO                                             ;B290R                                             ;2015-02-05;2014;DIESEL
2026-08-20 01:58:08.516640;6467;NORTRAN TRANSPORTES COLETIVOS LTDA;IXC0802;M. BENZ;OF 1721                                           ;2016-02-15;2015;DIESEL
2026-08-20 01:58:08.516640;3311;SUDESTE TRANSPORTES COLETIVOS LTDA;IXC0894;M. BENZ;O-500M                                            ;2016-02-15;2015;DIESEL
2026-08-20 01:58:08.516640;2432;RESTINGA TRANSPORTES COLETIVOS LTDA;IXC0897;VW;17230                                             ;2016-02-15;2015;DIESEL
2026-08-20 01:58:08.516640;6624;SOCIEDADE DE ONIBUS PORTO ALEGRENSE LTDA;IXC0921;M. BENZ;OF 1721                                           ;2016-02-15;2015;DIESEL
2026-08-20 01:58:08.516640;6612;SOCIEDADE DE ONIBUS PORTO ALEGRENSE LTDA;IXC1161;M. BENZ;OF 1721                                           ;2016-02-15;2015;DIESEL
2026-08-20 01:58:08.516640;4511;VIACAO ALTO PETROPOLIS LTDA;IXC1438;M. BENZ;O500 U                                            ;2016-02-15;2015;DIESEL
2026-08-20 01:58:08.516640;2374;VIACAO BELEM NOVO LTDA;IXC0280;M. BENZ;O 500                                             ;2016-02-12;2015;DIESEL
2026-08-20 01:58:08.516640;2367;VIACAO BELEM NOVO LTDA;IXC0285;M. BENZ;O 500                                             ;2016-02-12;2015;DIESEL
2026-08-20 01:58:08.516640;2450;RESTINGA TRANSPORTES COLETIVOS LTDA;IXC0994;VW;17230                                             ;2016-02-15;2015;DIESEL
2026-08-20 01:58:08.516640;2453;RESTINGA TRANSPORTES COLETIVOS LTDA;IXC1005;VW;17230                                             ;2016-02-15;2015;DIESEL
2026-08-20 01:58:08.516640;6580;NORTRAN TRANSPORTES COLETIVOS LTDA;IXC1103;M. BENZ;O-500M                                            ;2016-02-15;2015;DIESEL
2026-08-20 01:58:08.516640;4503;VIACAO ALTO PETROPOLIS LTDA;IXC1484;M. BENZ;O-500M                                            ;2016-02-15;2015;DIESEL
2026-08-20 01:58:08.516640;4509;VIACAO ALTO PETROPOLIS LTDA;IXC1499;M. BENZ;O500 U                                            ;2016-02-15;2015;DIESEL
2026-08-20 01:58:08.516640;1105;TRANSPORTES COLETIVOS TREVO LTDA;IXC1J25;M. BENZ;O 500                                             ;2016-02-16;2015;DIESEL
2026-08-20 01:58:08.516640;2159;VIACAO TERESOPOLIS CAVALHADA LTDA;IXB9293;M. BENZ;O-500M                                            ;2016-02-13;2015;DIESEL
2026-08-20 01:58:08.516640;2418;RESTINGA TRANSPORTES COLETIVOS LTDA;IXB9414;M. BENZ;O500MA                                            ;2016-02-10;2015;DIESEL
2026-08-20 01:58:08.516640;3343;SUDESTE TRANSPORTES COLETIVOS LTDA;IXD9065;M. BENZ;O500MA                                            ;2016-03-24;2015;DIESEL
2026-08-20 01:58:08.516640;6111;AUTO VIACAO NAVEGANTES LTDA;IYW2129;M. BENZ;OF 1721                                           ;2018-10-29;2018;DIESEL
2026-08-20 01:58:08.516640;839;CARRIS PORTO-ALEGRENSE LTDA;IWH9650;VOLVO                                             ;B290R                                             ;2015-02-05;2014;DIESEL
2026-08-20 01:58:08.516640;844;CARRIS PORTO-ALEGRENSE LTDA;IWH9780;VOLVO                                             ;B290R                                             ;2015-02-06;2014;DIESEL
2026-08-20 01:58:08.516640;3307;SUDESTE TRANSPORTES COLETIVOS LTDA;IXC0863;M. BENZ;OF 1721                                           ;2016-02-15;2015;DIESEL
2026-08-20 01:58:08.516640;2446;RESTINGA TRANSPORTES COLETIVOS LTDA;IXC0874;VW;17230                                             ;2016-02-15;2015;DIESEL
2026-08-20 01:58:08.516640;2430;RESTINGA TRANSPORTES COLETIVOS LTDA;IXC0998;VW;17230                                             ;2016-02-15;2015;DIESEL
2026-08-20 01:58:08.516640;3312;SUDESTE TRANSPORTES COLETIVOS LTDA;IXC1006;M. BENZ;O-500M                                            ;2016-02-15;2015;DIESEL
2026-08-20 01:58:08.516640;1191;TRANSPORTES COLETIVOS TREVO LTDA;IXC1021;VW;17230                                             ;2016-02-15;2015;DIESEL
2026-08-20 01:58:08.516640;3322;SUDESTE TRANSPORTES COLETIVOS LTDA;IXC1031;M. BENZ;O-500M                                            ;2016-02-15;2015;DIESEL
2026-08-20 01:58:08.516640;6761;SOCIEDADE DE ONIBUS PORTO ALEGRENSE LTDA;IXC1242;M. BENZ;O-500M                                            ;2016-02-15;2015;DIESEL
2026-08-20 01:58:08.516640;2300;VIACAO BELEM NOVO LTDA;IXC1607;M. BENZ;O500MA                                            ;2016-02-16;2015;DIESEL
2026-08-20 01:58:08.516640;2352;VIACAO BELEM NOVO LTDA;IXC1624;M. BENZ;OF 1721                                           ;2016-02-16;2015;DIESEL
2026-08-20 01:58:08.516640;4820;AUTO VIACAO PRESIDENTE VARGAS LTDA;IXC1731;M. BENZ;OF 1721                                           ;2016-02-16;2015;DIESEL
2026-08-20 01:58:08.516640;1177;TRANSPORTES COLETIVOS TREVO LTDA;IXC1934;M. BENZ;O-500M                                            ;2016-02-16;2015;DIESEL
2026-08-20 01:58:08.516640;832;CARRIS PORTO-ALEGRENSE LTDA;IWI8812;VOLVO                                             ;B340MA                                            ;2015-02-20;2014;DIESEL
2026-08-20 01:58:08.516640;871;CARRIS PORTO-ALEGRENSE LTDA;IWH9661;VOLVO                                             ;B290R                                             ;2015-02-06;2014;DIESEL
2026-08-20 01:58:08.516640;796;CARRIS PORTO-ALEGRENSE LTDA;ITA9I91;M. BENZ;O-500M                                            ;2012-05-04;2011;DIESEL
2026-08-20 01:58:08.516640;1136;TRANSPORTES COLETIVOS TREVO LTDA;IXC1018;VW;17230                                             ;2016-02-15;2015;DIESEL
2026-08-20 01:58:08.516640;6645;SOCIEDADE DE ONIBUS PORTO ALEGRENSE LTDA;IXC1453;M. BENZ;OF 1721                                           ;2016-02-15;2015;DIESEL
2026-08-20 01:58:08.516640;4510;VIACAO ALTO PETROPOLIS LTDA;IXC1472;M. BENZ;O500 U                                            ;2016-02-15;2015;DIESEL
2026-08-20 01:58:08.516640;6124;AUTO VIACAO NAVEGANTES LTDA;IXC1808;M. BENZ;OF 1721                                           ;2016-02-16;2015;DIESEL
2026-08-20 01:58:08.516640;6563;NORTRAN TRANSPORTES COLETIVOS LTDA;IUL9F21;M. BENZ;O500MA                                            ;2013-06-29;2012;DIESEL
2026-08-20 01:58:08.516640;6767;SOCIEDADE DE ONIBUS PORTO ALEGRENSE LTDA;IXC2733;M. BENZ;O500MA                                            ;2016-02-17;2015;DIESEL
2026-08-20 01:58:08.516640;1143;TRANSPORTES COLETIVOS TREVO LTDA;IXC1935;M. BENZ;O-500M                                            ;2016-02-16;2015;DIESEL
2026-08-20 01:58:08.516640;2348;VIACAO BELEM NOVO LTDA;IXB9714;M. BENZ;OF 1721                                           ;2016-02-11;2015;DIESEL
2026-08-20 01:58:08.516640;6609;SOCIEDADE DE ONIBUS PORTO ALEGRENSE LTDA;IXC1155;M. BENZ;OF 1721                                           ;2016-02-15;2015;DIESEL
2026-08-20 01:58:08.516640;95;CARRIS PORTO-ALEGRENSE LTDA;JAD8G58;M. BENZ;OF 1721L;2020-08-14;2020;DIESEL
2026-08-20 01:58:08.516640;6125;AUTO VIACAO NAVEGANTES LTDA;IXC1804;M. BENZ;O-500M                                            ;2016-02-16;2015;DIESEL
2026-08-20 01:58:08.516640;1125;TRANSPORTES COLETIVOS TREVO LTDA;IXC1998;M. BENZ;O-500M                                            ;2016-02-16;2015;DIESEL
2026-08-20 01:58:08.516640;6652;SOCIEDADE DE ONIBUS PORTO ALEGRENSE LTDA;IYW2063;M. BENZ;OF 1721                                           ;2018-10-29;2018;DIESEL
2026-08-20 01:58:08.516640;4847;AUTO VIACAO PRESIDENTE VARGAS LTDA;IXC1592;M. BENZ;OF 1721                                           ;2016-02-16;2015;DIESEL
2026-08-20 01:58:08.516640;1044;TRANSPORTES COLETIVOS TREVO LTDA;ISM8188;M. BENZ;OF 1722;2011-11-22;2011;DIESEL
2026-08-20 01:58:08.516640;829;CARRIS PORTO-ALEGRENSE LTDA;IWH9808;VOLVO                                             ;B340MA                                            ;2015-02-24;2014;DIESEL
2026-08-20 01:58:08.516640;6412;NORTRAN TRANSPORTES COLETIVOS LTDA;IXC0934;VW;17230                                             ;2016-02-15;2015;DIESEL
2026-08-20 01:58:08.516640;1115;TRANSPORTES COLETIVOS TREVO LTDA;IXC0939;VW;17230                                             ;2016-02-15;2015;DIESEL
2026-08-20 01:58:08.516640;1110;TRANSPORTES COLETIVOS TREVO LTDA;IXC0J43;VW;17230                                             ;2016-02-15;2015;DIESEL
2026-08-20 01:58:08.516640;3313;SUDESTE TRANSPORTES COLETIVOS LTDA;IXC1364;M. BENZ;O-500M                                            ;2016-02-15;2015;DIESEL
2026-08-20 01:58:08.516640;4822;AUTO VIACAO PRESIDENTE VARGAS LTDA;IXC1595;M. BENZ;OF 1721                                           ;2016-02-16;2015;DIESEL
2026-08-20 01:58:08.516640;2449;RESTINGA TRANSPORTES COLETIVOS LTDA;IXC0907;VW;17230                                             ;2016-02-15;2015;DIESEL
2026-08-20 01:58:08.516640;1071;TRANSPORTES COLETIVOS TREVO LTDA;IXC1037;VW;17230                                             ;2016-02-15;2015;DIESEL
2026-08-20 01:58:08.516640;2298;VIACAO BELEM NOVO LTDA;IXC1048;M. BENZ;O500MA                                            ;2016-02-15;2015;DIESEL
2026-08-20 01:58:08.516640;6617;SOCIEDADE DE ONIBUS PORTO ALEGRENSE LTDA;IXC1143;M. BENZ;OF 1721                                           ;2016-02-15;2015;DIESEL
2026-08-20 01:58:08.516640;3526;EMPRESA GAZÔMETRO DE TRANSPORTES LTDA;IXC1147;M. BENZ;OF 1721                                           ;2016-02-15;2015;DIESEL
2026-08-20 01:58:08.516640;6733;SOCIEDADE DE ONIBUS PORTO ALEGRENSE LTDA;IXC1237;M. BENZ;O-500M                                            ;2016-02-18;2015;DIESEL
2026-08-20 01:58:08.516640;4504;VIACAO ALTO PETROPOLIS LTDA;IXC1426;M. BENZ;O-500M                                            ;2016-02-15;2015;DIESEL
2026-08-20 01:58:08.516640;4411;VIACAO ALTO PETROPOLIS LTDA;IXC1451;M. BENZ;OF 1721                                           ;2016-02-15;2015;DIESEL
2026-08-20 01:58:08.516640;2451;RESTINGA TRANSPORTES COLETIVOS LTDA;IXC1930;VW;17230                                             ;2016-02-16;2015;DIESEL
2026-08-20 01:58:08.516640;2153;VIACAO TERESOPOLIS CAVALHADA LTDA;IXB9282;M. BENZ;O-500M                                            ;2016-02-13;2015;DIESEL
2026-08-20 01:58:08.516640;2194;VIACAO TERESOPOLIS CAVALHADA LTDA;IXB9452;M. BENZ;O-500M                                            ;2016-02-13;2015;DIESEL
2026-08-20 01:58:08.516640;2129;VIACAO TERESOPOLIS CAVALHADA LTDA;ITW8177;M. BENZ;O-500M                                            ;2012-12-26;2012;DIESEL
2026-08-20 01:58:08.516640;6469;NORTRAN TRANSPORTES COLETIVOS LTDA;IXC0818;M. BENZ;OF 1721                                           ;2016-02-15;2015;DIESEL
2026-08-20 01:58:08.516640;2444;RESTINGA TRANSPORTES COLETIVOS LTDA;IXC0893;VW;17230                                             ;2016-02-15;2015;DIESEL
2026-08-20 01:58:08.516640;1155;TRANSPORTES COLETIVOS TREVO LTDA;IXC0941;VW;17230                                             ;2016-02-15;2015;DIESEL
2026-08-20 01:58:08.516640;3302;SUDESTE TRANSPORTES COLETIVOS LTDA;IXC1104;M. BENZ;OF 1721                                           ;2016-02-15;2015;DIESEL
2026-08-20 01:58:08.516640;4802;AUTO VIACAO PRESIDENTE VARGAS LTDA;IXC1589;M. BENZ;O-500M                                            ;2016-02-16;2015;DIESEL
2026-08-20 01:58:08.516640;6139;AUTO VIACAO NAVEGANTES LTDA;IXC1758;M. BENZ;OF 1721                                           ;2016-02-16;2015;DIESEL
2026-08-20 01:58:08.516640;6710;SOCIEDADE DE ONIBUS PORTO ALEGRENSE LTDA;ITR7984;M. BENZ;OF 1721                                           ;2012-11-07;2012;DIESEL
2026-08-20 01:58:08.516640;6414;NORTRAN TRANSPORTES COLETIVOS LTDA;IXC0896;VW;17230                                             ;2016-02-15;2015;DIESEL
2026-08-20 01:58:08.516640;6628;SOCIEDADE DE ONIBUS PORTO ALEGRENSE LTDA;IXC0936;M. BENZ;OF 1721                                           ;2016-02-15;2015;DIESEL
2026-08-20 01:58:08.516640;3338;SUDESTE TRANSPORTES COLETIVOS LTDA;IXC1128;M. BENZ;O500 U                                            ;2016-02-15;2015;DIESEL
2026-08-20 01:58:08.516640;6754;SOCIEDADE DE ONIBUS PORTO ALEGRENSE LTDA;IXC1219;M. BENZ;O-500M                                            ;2016-02-15;2015;DIESEL
2026-08-20 01:58:08.516640;4402;VIACAO ALTO PETROPOLIS LTDA;IXC1465;M. BENZ;OF 1721                                           ;2016-02-15;2015;DIESEL
2026-08-20 01:58:08.516640;2351;VIACAO BELEM NOVO LTDA;IXC1597;M. BENZ;OF 1721                                           ;2016-02-16;2015;DIESEL
2026-08-20 01:58:08.516640;2233;VIACAO TERESOPOLIS CAVALHADA LTDA;IXC2614;M. BENZ;O500MA                                            ;2016-02-17;2015;DIESEL
2026-08-20 01:58:08.516640;6473;NORTRAN TRANSPORTES COLETIVOS LTDA;IXC0849;M. BENZ;OF 1721                                           ;2016-02-15;2015;DIESEL
2026-08-20 01:58:08.516640;6633;SOCIEDADE DE ONIBUS PORTO ALEGRENSE LTDA;IXC0876;M. BENZ;OF 1721                                           ;2016-02-15;2015;DIESEL
2026-08-20 01:58:08.516640;4507;VIACAO ALTO PETROPOLIS LTDA;IXC1437;M. BENZ;O500 U                                            ;2016-02-15;2015;DIESEL
2026-08-20 01:58:08.516640;3309;SUDESTE TRANSPORTES COLETIVOS LTDA;IXC0967;M. BENZ;OF 1721                                           ;2016-02-15;2015;DIESEL
2026-08-20 01:58:08.516640;2435;RESTINGA TRANSPORTES COLETIVOS LTDA;IXC1932;M. BENZ;17230                                             ;2016-02-16;2015;DIESEL
2026-08-20 01:58:08.516640;1093;TRANSPORTES COLETIVOS TREVO LTDA;ISM8195;M. BENZ;OF 1722;2011-11-22;2011;DIESEL
2026-08-20 01:58:08.516640;6608;SOCIEDADE DE ONIBUS PORTO ALEGRENSE LTDA;IXC1229;M. BENZ;OF 1721                                           ;2016-02-15;2015;DIESEL
2026-08-20 01:58:08.516640;2149;VIACAO TERESOPOLIS CAVALHADA LTDA;IXB9302;M. BENZ;O-500M                                            ;2016-02-13;2015;DIESEL
2026-08-20 01:58:08.516640;3329;SUDESTE TRANSPORTES COLETIVOS LTDA;IXC1201;M. BENZ;O-500M                                            ;2016-02-15;2015;DIESEL
2026-08-20 01:58:08.516640;3330;SUDESTE TRANSPORTES COLETIVOS LTDA;IXC2034;M. BENZ;O-500M                                            ;2016-02-16;2015;DIESEL
2026-08-20 01:58:08.516640;2343;VIACAO BELEM NOVO LTDA;IXB9709;M. BENZ;OF 1721                                           ;2016-02-11;2015;ÁLCOOL-GASOLINA
2026-08-20 01:58:08.516640;6630;SOCIEDADE DE ONIBUS PORTO ALEGRENSE LTDA;IYW0633;M. BENZ;OF 1721                                           ;2018-10-26;2018;DIESEL
2026-08-20 01:58:08.516640;6686;SOCIEDADE DE ONIBUS PORTO ALEGRENSE LTDA;IYW2066;M. BENZ;OF 1721                                           ;2018-10-29;2018;DIESEL
2026-08-20 01:58:08.516640;28;CARRIS PORTO-ALEGRENSE LTDA;JAC8D89;M. BENZ;OF 1721L;2020-07-29;2020;DIESEL
2026-08-20 01:58:08.516640;5;CARRIS PORTO-ALEGRENSE LTDA;JAD0B87;M. BENZ;OF 1721L;2020-07-29;2020;DIESEL
2026-08-20 01:58:08.516640;65;CARRIS PORTO-ALEGRENSE LTDA;JAD8B48;M. BENZ;OF 1721L;2020-07-29;2020;DIESEL
2026-08-20 01:58:08.516640;58;CARRIS PORTO-ALEGRENSE LTDA;JAD8C13;M. BENZ;OF 1721L;2020-07-29;2020;DIESEL
2026-08-20 01:58:08.516640;3349;SUDESTE TRANSPORTES COLETIVOS LTDA;JBJ3F89;M. BENZ;OF 1721                                           ;2022-06-21;2021;DIESEL
2026-08-20 01:58:08.516640;1021;TRANSPORTES COLETIVOS TREVO LTDA;IXC2032;M. BENZ;O-500M                                            ;2016-02-16;2015;DIESEL
2026-08-20 01:58:08.516640;2236;VIACAO TERESOPOLIS CAVALHADA LTDA;IXB9463;M. BENZ;O-500M                                            ;2016-02-13;2015;DIESEL
2026-08-20 01:58:08.516640;23;CARRIS PORTO-ALEGRENSE LTDA;JAC7I18;M. BENZ;OF 1721L;2020-07-29;2020;DIESEL
2026-08-20 01:58:08.516640;61;CARRIS PORTO-ALEGRENSE LTDA;JAD8J30;M. BENZ;OF 1721L;2020-08-17;2020;DIESEL
2026-08-20 01:58:08.516640;6689;SOCIEDADE DE ONIBUS PORTO ALEGRENSE LTDA;JBR2H34;M. BENZ;OF 1721                                           ;2022-08-23;2022;DIESEL
2026-08-20 01:58:08.516640;6648;SOCIEDADE DE ONIBUS PORTO ALEGRENSE LTDA;JBR8B06;M. BENZ;OF 1721                                           ;2022-08-23;2022;DIESEL
2026-08-20 01:58:08.516640;6597;NORTRAN TRANSPORTES COLETIVOS LTDA;JBV9J87;M. BENZ;OF 1721L;2023-03-16;2022;DIESEL
2026-08-20 01:58:08.516640;2415;RESTINGA TRANSPORTES COLETIVOS LTDA;ISP9C10;M. BENZ;O500MA                                            ;2011-12-22;2011;DIESEL
2026-08-20 01:58:08.516640;2433;RESTINGA TRANSPORTES COLETIVOS LTDA;IXC0993;VW;17230                                             ;2016-02-15;2015;DIESEL
2026-08-20 01:58:08.516640;1102;TRANSPORTES COLETIVOS TREVO LTDA;IXC2021;M. BENZ;O-500M                                            ;2016-02-16;2015;DIESEL
2026-08-20 01:58:08.516640;1220;TRANSPORTES COLETIVOS TREVO LTDA;IXC1950;VW;17230                                             ;2016-02-16;2015;DIESEL
2026-08-20 01:58:08.516640;2330;VIACAO BELEM NOVO LTDA;IXB9593;M. BENZ;OF 1721                                           ;2016-02-11;2015;DIESEL
2026-08-20 01:58:08.516640;6696;SOCIEDADE DE ONIBUS PORTO ALEGRENSE LTDA;IZP2B30;M. BENZ;OF 1721L;2019-10-02;2019;DIESEL
2026-08-20 01:58:08.516640;6493;NORTRAN TRANSPORTES COLETIVOS LTDA;IYW1868;M. BENZ;OF 1721                                           ;2018-10-29;2018;DIESEL
2026-08-20 01:58:08.516640;6142;AUTO VIACAO NAVEGANTES LTDA;IXC1738;M. BENZ;OF 1721                                           ;2016-02-16;2015;DIESEL
2026-08-20 01:58:08.516640;2434;RESTINGA TRANSPORTES COLETIVOS LTDA;IXC1927;VW;17230                                             ;2016-02-16;2015;DIESEL
2026-08-20 01:58:08.516640;1124;TRANSPORTES COLETIVOS TREVO LTDA;IXC2017;M. BENZ;O-500M                                            ;2016-02-16;2015;DIESEL
2026-08-20 01:58:08.516640;6611;SOCIEDADE DE ONIBUS PORTO ALEGRENSE LTDA;IYW2055;M. BENZ;OF1724                                            ;2018-10-29;2018;DIESEL
2026-08-20 01:58:08.516640;6772;SOCIEDADE DE ONIBUS PORTO ALEGRENSE LTDA;IYW2067;M. BENZ;OF 1721                                           ;2018-10-29;2018;DIESEL
2026-08-20 01:58:08.516640;6655;SOCIEDADE DE ONIBUS PORTO ALEGRENSE LTDA;IZP2B80;M. BENZ;OF 1721L;2019-10-02;2019;DIESEL
2026-08-20 01:58:08.516640;6662;SOCIEDADE DE ONIBUS PORTO ALEGRENSE LTDA;IZP2F32;M. BENZ;OF 1721L;2019-10-02;2019;DIESEL
2026-08-20 01:58:08.516640;2362;VIACAO BELEM NOVO LTDA;IZP9D71;M. BENZ;OF 1721                                           ;2019-10-15;2019;DIESEL
2026-08-20 01:58:08.516640;64;CARRIS PORTO-ALEGRENSE LTDA;JAC8D39;M. BENZ;OF 1721L;2020-07-29;2020;DIESEL
2026-08-20 01:58:08.516640;2161;VIACAO TERESOPOLIS CAVALHADA LTDA;JBU9H64;M. BENZ;OF 1721L;2022-12-02;2022;DIESEL
2026-08-20 01:58:08.516640;6595;NORTRAN TRANSPORTES COLETIVOS LTDA;JBV0F82;M. BENZ;OF 1721L;2023-02-23;2022;DIESEL
2026-08-20 01:58:08.516640;6736;SOCIEDADE DE ONIBUS PORTO ALEGRENSE LTDA;JBV6H40;M. BENZ;OF 1721                                           ;2023-03-09;2022;DIESEL
2026-08-20 01:58:08.516640;2154;VIACAO TERESOPOLIS CAVALHADA LTDA;IXB9287;M. BENZ;O-500M                                            ;2016-02-13;2015;DIESEL
2026-08-20 01:58:08.516640;1137;TRANSPORTES COLETIVOS TREVO LTDA;IXB9F98;M. BENZ;O500MA                                            ;2016-02-11;2015;DIESEL
2026-08-20 01:58:08.516640;6404;NORTRAN TRANSPORTES COLETIVOS LTDA;IYW1869;M. BENZ;OF 1721                                           ;2018-10-29;2018;DIESEL
2026-08-20 01:58:08.516640;17;CARRIS PORTO-ALEGRENSE LTDA;JAC7I84;M. BENZ;OF 1721L;2020-07-29;2020;DIESEL
2026-08-20 01:58:08.516640;32;CARRIS PORTO-ALEGRENSE LTDA;JAC8D90;M. BENZ;OF 1721L;2020-07-29;2020;DIESEL
2026-08-20 01:58:08.516640;96;CARRIS PORTO-ALEGRENSE LTDA;JAD8B90;M. BENZ;OF 1721L;2020-07-29;2020;DIESEL
2026-08-20 01:58:08.516640;2314;VIACAO BELEM NOVO LTDA;JBW9E15;M. BENZ;OF 1721                                           ;2023-04-04;2022;DIESEL
2026-08-20 01:58:08.516640;3360;SUDESTE TRANSPORTES COLETIVOS LTDA;JBX4D72;M. BENZ;OF 1721                                           ;2023-04-13;2022;DIESEL
2026-08-20 01:58:08.516640;4431;VIACAO ALTO PETROPOLIS LTDA;JBZ7H65;M. BENZ;OF 1721L;2023-06-06;2022;DIESEL
2026-08-20 01:58:08.516640;6622;SOCIEDADE DE ONIBUS PORTO ALEGRENSE LTDA;IZP2C07;M. BENZ;OF 1721L;2019-10-02;2019;DIESEL
2026-08-20 01:58:08.516640;20;CARRIS PORTO-ALEGRENSE LTDA;JAC7H80;M. BENZ;OF 1721L;2020-07-29;2020;DIESEL
2026-08-20 01:58:08.516640;13;CARRIS PORTO-ALEGRENSE LTDA;JAC7I91;M. BENZ;OF 1721L;2020-07-29;2020;DIESEL
2026-08-20 01:58:08.516640;39;CARRIS PORTO-ALEGRENSE LTDA;JAC7I40;M. BENZ;OF 1721L;2020-07-29;2020;DIESEL
2026-08-20 01:58:08.516640;41;CARRIS PORTO-ALEGRENSE LTDA;JAC7H83;M. BENZ;OF 1721L;2020-07-29;2020;DIESEL
2026-08-20 01:58:08.516640;2114;VIACAO TERESOPOLIS CAVALHADA LTDA;JBT0F60;M. BENZ;O-500M                                            ;2022-11-21;2022;DIESEL
2026-08-20 01:58:08.516640;1197;TRANSPORTES COLETIVOS TREVO LTDA;JCD4A23;M. BENZ;OF 1721L;2023-08-10;2023;DIESEL
2026-08-20 01:58:08.516640;1223;TRANSPORTES COLETIVOS TREVO LTDA;JCE4H19;M. BENZ;OF 1721L;2023-08-31;2023;DIESEL
2026-08-20 01:58:08.516640;2297;VIACAO BELEM NOVO LTDA;IXC8556;M. BENZ;OF 1721                                           ;2016-03-02;2015;DIESEL
2026-08-20 01:58:08.516640;6699;SOCIEDADE DE ONIBUS PORTO ALEGRENSE LTDA;IXE3356;VW;17280;2016-04-05;2015;DIESEL
2026-08-20 01:58:08.516640;2337;VIACAO BELEM NOVO LTDA;IZP9D69;M. BENZ;OF 1721                                           ;2019-10-15;2019;DIESEL
2026-08-20 01:58:08.516640;6422;NORTRAN TRANSPORTES COLETIVOS LTDA;IZQ0E88;M. BENZ;OF 1721L;2019-10-16;2019;DIESEL
2026-08-20 01:58:08.516640;82;CARRIS PORTO-ALEGRENSE LTDA;JAD8J38;M. BENZ;OF 1721L;2020-08-14;2020;DIESEL
2026-08-20 01:58:08.516640;2471;RESTINGA TRANSPORTES COLETIVOS LTDA;JBR3D90;VW;17230                                             ;2022-08-18;2022;DIESEL
2026-08-20 01:58:08.516640;2475;RESTINGA TRANSPORTES COLETIVOS LTDA;JBR3E08;VW;17230                                             ;2022-08-18;2022;DIESEL
2026-08-20 01:58:08.516640;3505;EMPRESA GAZÔMETRO DE TRANSPORTES LTDA;JBU3A88;M. BENZ;OF 1721                                           ;2023-02-01;2022;DIESEL
2026-08-20 01:58:08.516640;6725;SOCIEDADE DE ONIBUS PORTO ALEGRENSE LTDA;JBY6J22;M. BENZ;OF 1721                                           ;2023-05-12;2022;DIESEL
2026-08-20 01:58:08.516640;6479;NORTRAN TRANSPORTES COLETIVOS LTDA;JCF2A68;M. BENZ;OF 1721L;2023-08-15;2023;DIESEL
2026-08-20 01:58:08.516640;2106;VIACAO TERESOPOLIS CAVALHADA LTDA;JCH5C82;M. BENZ;OF 1721L;2023-10-27;2023;DIESEL
2026-08-20 01:58:08.516640;6757;SOCIEDADE DE ONIBUS PORTO ALEGRENSE LTDA;JCI6J45;M. BENZ;OF 1721L;2023-11-20;2023;DIESEL
2026-08-20 01:58:08.516640;1140;TRANSPORTES COLETIVOS TREVO LTDA;IXD4009;M. BENZ;O500MA                                            ;2016-03-14;2015;DIESEL
2026-08-20 01:58:08.516640;2237;VIACAO TERESOPOLIS CAVALHADA LTDA;IXF0811;M. BENZ;OF 1721                                           ;2016-04-22;2015;DIESEL
2026-08-20 01:58:08.516640;6492;NORTRAN TRANSPORTES COLETIVOS LTDA;IYW1867;M. BENZ;OF 1721                                           ;2018-10-29;2018;DIESEL
2026-08-20 01:58:08.516640;6401;NORTRAN TRANSPORTES COLETIVOS LTDA;IYW1861;M. BENZ;OF 1721                                           ;2018-10-29;2018;DIESEL
2026-08-20 01:58:08.516640;2486;RESTINGA TRANSPORTES COLETIVOS LTDA;IZP9D88;VW;17230                                             ;2019-10-15;2019;DIESEL
2026-08-20 01:58:08.516640;50;CARRIS PORTO-ALEGRENSE LTDA;JAC7I71;M. BENZ;OF 1721L;2020-07-29;2020;DIESEL
2026-08-20 01:58:08.516640;57;CARRIS PORTO-ALEGRENSE LTDA;JAC8D68;M. BENZ;OF 1721L;2020-07-29;2020;DIESEL
2026-08-20 01:58:08.516640;9;CARRIS PORTO-ALEGRENSE LTDA;JAC8D81;M. BENZ;OF 1721L;2020-07-29;2020;DIESEL
2026-08-20 01:58:08.516640;44;CARRIS PORTO-ALEGRENSE LTDA;JAD8B57;M. BENZ;OF 1721L;2020-07-29;2020;DIESEL
2026-08-20 01:58:08.516640;91;CARRIS PORTO-ALEGRENSE LTDA;JAD8B75;M. BENZ;OF 1721L;2020-07-29;2020;DIESEL
2026-08-20 01:58:08.516640;7;CARRIS PORTO-ALEGRENSE LTDA;JAD8E86;M. BENZ;OF 1721L;2020-08-14;2020;DIESEL
2026-08-20 01:58:08.516640;6626;SOCIEDADE DE ONIBUS PORTO ALEGRENSE LTDA;JBP4G20;M. BENZ;OF 1721                                           ;2022-07-05;2022;DIESEL
2026-08-20 01:58:08.516640;2302;VIACAO BELEM NOVO LTDA;JBS5H05;M. BENZ;OF 1417                                           ;2022-08-17;2022;DIESEL
2026-08-20 01:58:08.516640;2303;VIACAO BELEM NOVO LTDA;JBS5H09;M. BENZ;OF 1721                                           ;2022-08-17;2022;DIESEL
2026-08-20 01:58:08.516640;4421;VIACAO ALTO PETROPOLIS LTDA;JBS4H83;M. BENZ;OF 1721                                           ;2022-09-23;2022;DIESEL
2026-08-20 01:58:08.516640;2190;VIACAO TERESOPOLIS CAVALHADA LTDA;IZQ1A77;M. BENZ;O-500M                                            ;2019-10-17;2019;DIESEL
2026-08-20 01:58:08.516640;2;CARRIS PORTO-ALEGRENSE LTDA;JAD0B83;M. BENZ;OF 1721L;2020-07-29;2020;DIESEL
2026-08-20 01:58:08.516640;83;CARRIS PORTO-ALEGRENSE LTDA;JAD8J61;M. BENZ;OF 1721L;2020-08-14;2020;DIESEL
2026-08-20 01:58:08.516640;2342;VIACAO BELEM NOVO LTDA;IXB9613;M. BENZ;OF 1721                                           ;2016-02-11;2015;DIESEL
2026-08-20 01:58:08.516640;6154;AUTO VIACAO NAVEGANTES LTDA;IYW2128;M. BENZ;OF 1721                                           ;2018-10-29;2018;DIESEL
2026-08-20 01:58:08.516640;6403;NORTRAN TRANSPORTES COLETIVOS LTDA;IYW1866;M. BENZ;OF 1721                                           ;2018-10-29;2018;DIESEL
2026-08-20 01:58:08.516640;6770;SOCIEDADE DE ONIBUS PORTO ALEGRENSE LTDA;IYW2062;M. BENZ;OF 1721                                           ;2018-10-29;2018;DIESEL
2026-08-20 01:58:08.516640;3347;SUDESTE TRANSPORTES COLETIVOS LTDA;IZQ5A03;M. BENZ;OF1519;2019-10-25;2019;DIESEL
2026-08-20 01:58:08.516640;3348;SUDESTE TRANSPORTES COLETIVOS LTDA;IZQ5A08;M. BENZ;OF1519;2019-10-25;2019;DIESEL
2026-08-20 01:58:08.516640;2209;VIACAO TERESOPOLIS CAVALHADA LTDA;JAC1A39;M. BENZ;OF 1721                                           ;2020-07-08;2019;DIESEL
2026-08-20 01:58:08.516640;29;CARRIS PORTO-ALEGRENSE LTDA;JAC7I11;M. BENZ;OF 1721L;2020-07-29;2020;DIESEL
2026-08-20 01:58:08.516640;3358;SUDESTE TRANSPORTES COLETIVOS LTDA;JBS4E93;M. BENZ;OF 1721                                           ;2022-10-19;2022;DIESEL
2026-08-20 01:58:08.516640;2110;VIACAO TERESOPOLIS CAVALHADA LTDA;JBS5B77;M. BENZ;OF 1721                                           ;2022-08-19;2022;DIESEL
2026-08-20 01:58:08.516640;6118;AUTO VIACAO NAVEGANTES LTDA;JBS7B36;M. BENZ;OF 1721                                           ;2022-10-06;2022;DIESEL
2026-08-20 01:58:08.516640;2147;VIACAO TERESOPOLIS CAVALHADA LTDA;JBU7A60;M. BENZ;OF 1721                                           ;2023-02-13;2022;DIESEL
2026-08-20 01:58:08.516640;6442;NORTRAN TRANSPORTES COLETIVOS LTDA;JBT7D83;M. BENZ;OF1519;2023-01-17;2022;DIESEL
2026-08-20 01:58:08.516640;2111;VIACAO TERESOPOLIS CAVALHADA LTDA;JBS5B31;M. BENZ;OF 1721                                           ;2022-08-19;2022;DIESEL
2026-08-20 01:58:08.516640;6577;NORTRAN TRANSPORTES COLETIVOS LTDA;JBY7B74;M. BENZ;OF 1721                                           ;2023-05-15;2022;DIESEL
2026-08-20 01:58:08.516640;2225;VIACAO TERESOPOLIS CAVALHADA LTDA;JCH5C40;M. BENZ;OF 1721L;2023-10-27;2023;DIESEL
2026-08-20 01:58:08.516640;4826;AUTO VIACAO PRESIDENTE VARGAS LTDA;JCH0C98;M. BENZ;OF 1721                                           ;2023-10-19;2023;DIESEL
2026-08-20 01:58:08.516640;2101;VIACAO TERESOPOLIS CAVALHADA LTDA;JCH5C72;M. BENZ;OF 1721L;2023-10-27;2023;DIESEL
2026-08-20 01:58:08.516640;6650;SOCIEDADE DE ONIBUS PORTO ALEGRENSE LTDA;JCC6B02;Mercedes Benz;OF1619;2023-07-27;2023;DIESEL
2026-08-20 01:58:08.516640;6448;NORTRAN TRANSPORTES COLETIVOS LTDA;JCF8E58;Mercedes Benz;OF1619;2023-09-28;2023;DIESEL
2026-08-20 01:58:08.516640;6135;AUTO VIACAO NAVEGANTES LTDA;JCH7F76;M. BENZ;OF 1619;2023-10-31;2023;DIESEL
2026-08-20 01:58:08.516640;1228;TRANSPORTES COLETIVOS TREVO LTDA;JCJ2D13;M. BENZ;OF 1619;2023-11-29;2023;DIESEL
2026-08-20 01:58:08.516640;3511;EMPRESA GAZÔMETRO DE TRANSPORTES LTDA;ISR1F62;M. BENZ;O-500M                                            ;2023-12-08;2011;DIESEL
2026-08-20 01:58:08.516640;9603;SUDESTE TRANSPORTES COLETIVOS LTDA;JCV9A60;Mercedes Benz;0500 U ELÉTRICO;2024-07-30;2024;ELÉTRICO
2026-08-20 01:58:08.516640;163;CARRIS PORTO-ALEGRENSE LTDA;JDA2I82;M. BENZ;OF 1721L;2024-09-30;2024;DIESEL
2026-08-20 01:58:08.516640;4804;AUTO VIACAO PRESIDENTE VARGAS LTDA;JDB1E97;M. BENZ;OF 1721L;2024-10-11;2024;DIESEL
2026-08-20 01:58:08.516640;3377;SUDESTE TRANSPORTES COLETIVOS LTDA;JDC0C94;M. BENZ;OF 1721L;2024-10-24;2024;DIESEL
2026-08-20 01:58:08.516640;2359;VIACAO BELEM NOVO LTDA;JDG2A35;M. BENZ;OF 1721                                           ;2024-11-27;2024;DIESEL
2026-08-20 01:58:08.516640;4831;AUTO VIACAO PRESIDENTE VARGAS LTDA;JDL4G96;M. BENZ;OF 1721                                           ;2025-03-26;2024;DIESEL
2026-08-20 01:58:08.516640;6453;NORTRAN TRANSPORTES COLETIVOS LTDA;JCF8E63;Mercedes Benz;OF1619;2023-09-28;2023;DIESEL
2026-08-20 01:58:08.516640;6723;SOCIEDADE DE ONIBUS PORTO ALEGRENSE LTDA;JCG6I10;M. BENZ;OF 1721L;2023-10-13;2023;DIESEL
2026-08-20 01:58:08.516640;1226;TRANSPORTES COLETIVOS TREVO LTDA;JCH4D50;M. BENZ;OF 1721L;2023-10-26;2023;DIESEL
2026-08-20 01:58:08.516640;2477;RESTINGA TRANSPORTES COLETIVOS LTDA;JCI4D27;M. BENZ;OF 1721L;2023-11-14;2023;DIESEL
2026-08-20 01:58:08.516640;6503;NORTRAN TRANSPORTES COLETIVOS LTDA;JCP5F80;M. BENZ;OF 1619;2024-03-28;2023;DIESEL
2026-08-20 01:58:08.516640;6507;NORTRAN TRANSPORTES COLETIVOS LTDA;JCP5F98;M. BENZ;OF 1619;2023-11-28;2023;DIESEL
2026-08-20 01:58:08.516640;105;CARRIS PORTO-ALEGRENSE LTDA;JCQ5E61;M. BENZ;OF 1721L;2024-04-17;2024;DIESEL
2026-08-20 01:58:08.516640;104;CARRIS PORTO-ALEGRENSE LTDA;JCV6I47;M. BENZ;OF 1721L;2024-07-25;2024;DIESEL
2026-08-20 01:58:08.516640;4435;VIACAO ALTO PETROPOLIS LTDA;JDE5B34;M. BENZ;OF 1721                                           ;2024-11-27;2024;DIESEL
2026-08-20 01:58:08.516640;2115;VIACAO TERESOPOLIS CAVALHADA LTDA;JDE4C01;M. BENZ;OF 1721L;2024-11-27;2024;DIESEL
2026-08-20 01:58:08.516640;2312;VIACAO BELEM NOVO LTDA;TQP0E10;M. BENZ;OF 1721L;2025-06-09;2024;DIESEL
2026-08-20 01:58:08.516640;6117;AUTO VIACAO NAVEGANTES LTDA;TQP1D19;M. BENZ;OF 1721L;2025-06-09;2025;DIESEL
2026-08-20 01:58:08.516640;1005;TRANSPORTES COLETIVOS TREVO LTDA;TQR1G43;M. BENZ;OF 1721L;2025-07-21;2025;DIESEL
2026-08-20 01:58:08.516640;2229;VIACAO TERESOPOLIS CAVALHADA LTDA;JCH5H09;M. BENZ;OF 1721L;2023-10-27;2023;DIESEL
2026-08-20 01:58:08.516640;6108;AUTO VIACAO NAVEGANTES LTDA;JCH7F68;M. BENZ;OF 1619;2023-10-31;2023;DIESEL
2026-08-20 01:58:08.516640;6670;SOCIEDADE DE ONIBUS PORTO ALEGRENSE LTDA;JCS6H54;M. BENZ;OF 1721                                           ;2024-06-10;2023;DIESEL
2026-08-20 01:58:08.516640;3386;SUDESTE TRANSPORTES COLETIVOS LTDA;JDF5D87;M. BENZ;OF 1721L;2024-12-10;2024;DIESEL
2026-08-20 01:58:08.516640;1182;TRANSPORTES COLETIVOS TREVO LTDA;JDK5D51;M. BENZ;OF 1721L;2025-03-10;2024;DIESEL
2026-08-20 01:58:08.516640;2438;RESTINGA TRANSPORTES COLETIVOS LTDA;JDN4A13;M. BENZ;OF 1619;2025-04-28;2025;DIESEL
2026-08-20 01:58:08.516640;4418;VIACAO ALTO PETROPOLIS LTDA;TQP4D55;M. BENZ;OF 1721L;2025-06-13;2024;DIESEL
2026-08-20 01:58:08.516640;2308;VIACAO BELEM NOVO LTDA;JCJ7E26;M. BENZ;OF 1721L;2023-12-07;2023;DIESEL
2026-08-20 01:58:08.516640;100;CARRIS PORTO-ALEGRENSE LTDA;JCQ5E71;M. BENZ;OF 1721L;2024-04-17;2024;DIESEL
2026-08-20 01:58:08.516640;110;CARRIS PORTO-ALEGRENSE LTDA;JCV2D58;M. BENZ;OF 1721L;2024-07-18;2024;DIESEL
2026-08-20 01:58:08.516640;6683;SOCIEDADE DE ONIBUS PORTO ALEGRENSE LTDA;JDD9G92;M. BENZ;OF 1721L;2024-11-19;2024;DIESEL
2026-08-20 01:58:08.516640;6592;NORTRAN TRANSPORTES COLETIVOS LTDA;JBV0F76;M. BENZ;OF 1721L;2023-02-23;2022;DIESEL
2026-08-20 01:58:08.516640;6724;SOCIEDADE DE ONIBUS PORTO ALEGRENSE LTDA;JBY8J78;M. BENZ;OF 1721                                           ;2023-05-12;2022;DIESEL
2026-08-20 01:58:08.516640;6669;SOCIEDADE DE ONIBUS PORTO ALEGRENSE LTDA;JCE0C94;Mercedes Benz;OF1619;2023-08-24;2023;DIESEL
2026-08-20 01:58:08.516640;2360;VIACAO BELEM NOVO LTDA;JCF5I94;M. BENZ;OF 1721L;2023-05-02;2023;DIESEL
2026-08-20 01:58:08.516640;2104;VIACAO TERESOPOLIS CAVALHADA LTDA;JCH5H07;M. BENZ;OF 1721L;2023-10-27;2023;DIESEL
2026-08-20 01:58:08.516640;4409;VIACAO ALTO PETROPOLIS LTDA;JCI5F56;M. BENZ;OF 1721                                           ;2023-11-16;2023;DIESEL
2026-08-20 01:58:08.516640;114;CARRIS PORTO-ALEGRENSE LTDA;JCQ5E73;M. BENZ;OF 1721L;2024-04-17;2024;DIESEL
2026-08-20 01:58:08.516640;135;CARRIS PORTO-ALEGRENSE LTDA;JCV2D66;M. BENZ;OF 1721L;2024-07-18;2024;DIESEL
2026-08-20 01:58:08.516640;142;CARRIS PORTO-ALEGRENSE LTDA;JCV2E53;M. BENZ;OF 1721L;2024-07-18;2024;DIESEL
2026-08-20 01:58:08.516640;9404;VIACAO TERESOPOLIS CAVALHADA LTDA;JCW0G41;MARCOPOLO;ATTIVI  INTEGRAL;2024-07-31;2024;ELÉTRICO
2026-08-20 01:58:08.516640;4838;AUTO VIACAO PRESIDENTE VARGAS LTDA;JDB1E01;M. BENZ;OF 1721L;2024-10-11;2024;DIESEL
2026-08-20 01:58:08.516640;2395;VIACAO BELEM NOVO LTDA;JCF5I61;M. BENZ;OF 1721L;2023-09-22;2023;DIESEL
2026-08-20 01:58:08.516640;173;CARRIS PORTO-ALEGRENSE LTDA;JDA2I84;M. BENZ;OF 1721L;2024-09-30;2024;DIESEL
2026-08-20 01:58:08.516640;118;CARRIS PORTO-ALEGRENSE LTDA;JCV6I69;M. BENZ;OF 1721L;2024-07-25;2024;DIESEL
2026-08-20 01:58:08.516640;6693;SOCIEDADE DE ONIBUS PORTO ALEGRENSE LTDA;TQP0A19;M. BENZ;OF 1721L;2025-06-04;2024;DIESEL
2026-08-20 01:58:08.516640;1186;TRANSPORTES COLETIVOS TREVO LTDA;JDK6A74;M. BENZ;OF 1721L;2025-03-11;2024;GASOLINA
2026-08-20 01:58:08.516640;1027;TRANSPORTES COLETIVOS TREVO LTDA;TQR5E92;M. BENZ;OF 1721L;2025-07-29;2025;DIESEL
2026-08-20 01:58:08.516640;6131;AUTO VIACAO NAVEGANTES LTDA;JDB4F91;M. BENZ;OF 1721L;2024-10-16;2024;DIESEL
2026-08-20 01:58:08.516640;6498;NORTRAN TRANSPORTES COLETIVOS LTDA;TQS0E96;M. BENZ;OF 1721L;2025-08-11;2025;DIESEL
2026-08-20 01:58:08.516640;3373;SUDESTE TRANSPORTES COLETIVOS LTDA;JCK3G34;M. BENZ;OF 1721L;2023-12-18;2023;DIESEL
2026-08-20 01:58:08.516640;113;CARRIS PORTO-ALEGRENSE LTDA;JCQ5E45;M. BENZ;OF 1721L;2024-04-17;2024;DIESEL
2026-08-20 01:58:08.516640;149;CARRIS PORTO-ALEGRENSE LTDA;JCU9C33;M. BENZ;OF 1721L;2024-07-15;2024;DIESEL
2026-08-20 01:58:08.516640;145;CARRIS PORTO-ALEGRENSE LTDA;JCV5J75;M. BENZ;OF 1721L;2024-07-24;2024;DIESEL
2026-08-20 01:58:08.516640;6137;AUTO VIACAO NAVEGANTES LTDA;JDC7C10;M. BENZ;OF 1721L;2024-11-01;2024;DIESEL
2026-08-20 01:58:08.516640;6688;SOCIEDADE DE ONIBUS PORTO ALEGRENSE LTDA;JDD9H07;M. BENZ;OF 1721L;2024-11-19;2024;DIESEL
2026-08-20 01:58:08.516640;4437;VIACAO ALTO PETROPOLIS LTDA;JDE5A92;M. BENZ;OF 1721                                           ;2024-11-27;2024;DIESEL
2026-08-20 01:58:08.516640;1014;TRANSPORTES COLETIVOS TREVO LTDA;TQR1G29;M. BENZ;OF 1721L;2025-07-21;2025;DIESEL
2026-08-20 01:58:08.516640;6460;NORTRAN TRANSPORTES COLETIVOS LTDA;JCS8G87;M. BENZ;OF 1721L;2024-06-10;2023;DIESEL
2026-08-20 01:58:08.516640;178;CARRIS PORTO-ALEGRENSE LTDA;JDA2I55;M. BENZ;OF 1721L;2024-09-30;2024;DIESEL
2026-08-20 01:58:08.516640;6513;NORTRAN TRANSPORTES COLETIVOS LTDA;TQS0E98;M. BENZ;OF 1721L;2025-08-08;2025;DIESEL
2026-08-20 01:58:08.516640;6756;SOCIEDADE DE ONIBUS PORTO ALEGRENSE LTDA;JBV6H51;M. BENZ;OF 1721                                           ;2023-03-09;2022;DIESEL
2026-08-20 01:58:08.516640;6713;SOCIEDADE DE ONIBUS PORTO ALEGRENSE LTDA;JCD9B59;M. BENZ;OF 1721L;2023-08-22;2023;DIESEL
2026-08-20 01:58:08.516640;2354;VIACAO BELEM NOVO LTDA;JCF5I98;M. BENZ;OF 1721L;2023-05-02;2023;DIESEL
2026-08-20 01:58:08.516640;3375;SUDESTE TRANSPORTES COLETIVOS LTDA;JCK3G31;M. BENZ;OF 1721L;2023-12-18;2023;DIESEL
2026-08-20 01:58:08.516640;141;CARRIS PORTO-ALEGRENSE LTDA;JCU9C14;M. BENZ;OF 1721L;2024-07-15;2024;DIESEL
2026-08-20 01:58:08.516640;4807;AUTO VIACAO PRESIDENTE VARGAS LTDA;JDB1E87;M. BENZ;OF 1721L;2024-10-11;2024;DIESEL
2026-08-20 01:58:08.516640;3368;SUDESTE TRANSPORTES COLETIVOS LTDA;JCH4C87;M. BENZ;OF 1721L;2023-10-26;2023;DIESEL
2026-08-20 01:58:08.516640;175;CARRIS PORTO-ALEGRENSE LTDA;JDA2I19;M. BENZ;OF 1721L;2024-09-30;2024;DIESEL
2026-08-20 01:58:08.516640;4451;VIACAO ALTO PETROPOLIS LTDA;JDE5B60;M. BENZ;OF 1721                                           ;2024-11-27;2024;DIESEL
2026-08-20 01:58:08.516640;2127;VIACAO TERESOPOLIS CAVALHADA LTDA;JDF2F17;M. BENZ;OF 1721L;2024-12-05;2024;DIESEL
2026-08-20 01:58:08.516640;1183;TRANSPORTES COLETIVOS TREVO LTDA;JDK6A07;M. BENZ;OF 1721L;2025-03-11;2024;DIESEL
2026-08-20 01:58:08.516640;1178;TRANSPORTES COLETIVOS TREVO LTDA;JDC9B20;M. BENZ;OF 1721L;2024-11-05;2024;DIESEL
2026-08-20 01:58:08.516640;4524;VIACAO ALTO PETROPOLIS LTDA;TQP4E20;M. BENZ;OF 1721L;2025-06-13;2025;DIESEL
2026-08-20 01:58:08.516640;3378;SUDESTE TRANSPORTES COLETIVOS LTDA;JDB7J23;M. BENZ;OF 1721L;2024-10-22;2024;DIESEL
2026-08-20 01:58:08.516640;3382;SUDESTE TRANSPORTES COLETIVOS LTDA;JDC0D21;M. BENZ;OF 1721L;2024-10-24;2024;DIESEL
2026-08-20 01:58:08.516640;2384;VIACAO BELEM NOVO LTDA;JDC9I59;M. BENZ;OF 1721L;2024-11-06;2024;DIESEL
2026-08-20 01:58:08.516640;2459;RESTINGA TRANSPORTES COLETIVOS LTDA;JDE2F47;M. BENZ;OF 1721L;2024-11-25;2024;DIESEL
2026-08-20 01:58:08.516640;2123;VIACAO TERESOPOLIS CAVALHADA LTDA;JDE4B92;M. BENZ;OF 1721                                           ;2024-11-27;2024;DIESEL
2026-08-20 01:58:08.516640;161;CARRIS PORTO-ALEGRENSE LTDA;JDG3G65;M. BENZ;0-500 MDA;2024-12-19;2024;DIESEL
2026-08-20 01:58:08.516640;6561;NORTRAN TRANSPORTES COLETIVOS LTDA;JDG4G43;M. BENZ;OF 1721L;2024-12-20;2024;DIESEL
2026-08-20 01:58:08.516640;1207;TRANSPORTES COLETIVOS TREVO LTDA;JDK5G15;M. BENZ;OF 1619;2025-03-10;2024;DIESEL
2026-08-20 01:58:08.516640;4520;VIACAO ALTO PETROPOLIS LTDA;TQP4D96;M. BENZ;OF 1721L;2025-06-13;2025;DIESEL
2026-08-20 01:58:08.516640;1019;TRANSPORTES COLETIVOS TREVO LTDA;TQR5E81;M. BENZ;OF 1721L;2025-07-28;2025;DIESEL
2026-08-20 01:58:08.516640;6511;NORTRAN TRANSPORTES COLETIVOS LTDA;TQS0E85;M. BENZ;OF 1721L;2025-08-11;2025;DIESEL
2026-08-20 01:58:08.516640;45;CARRIS PORTO-ALEGRENSE LTDA;JAC8D51;M. BENZ;OF 1721L;2020-07-29;2020;DIESEL
2026-08-20 01:58:08.516640;90;CARRIS PORTO-ALEGRENSE LTDA;JAD8B64;M. BENZ;OF 1721L;2020-07-29;2020;DIESEL
2026-08-20 01:58:08.516640;73;CARRIS PORTO-ALEGRENSE LTDA;JAD8J23;M. BENZ;OF 1721L;2020-08-14;2020;DIESEL
2026-08-20 01:58:08.516640;6590;NORTRAN TRANSPORTES COLETIVOS LTDA;JBJ4A13;M. BENZ;OF 1721                                           ;2022-06-22;2021;DIESEL
2026-08-20 01:58:08.516640;2117;VIACAO TERESOPOLIS CAVALHADA LTDA;JBT1H74;M. BENZ;OF 1721                                           ;2023-01-02;2022;DIESEL
2026-08-20 01:58:08.516640;2163;VIACAO TERESOPOLIS CAVALHADA LTDA;JBU7H18;M. BENZ;OF 1721                                           ;2023-02-14;2022;DIESEL
2026-08-20 01:58:08.516640;6593;NORTRAN TRANSPORTES COLETIVOS LTDA;JBU9F20;M. BENZ;OF 1721L;2023-02-17;2022;DIESEL
2026-08-20 01:58:08.516640;1114;TRANSPORTES COLETIVOS TREVO LTDA;IXB9B38;M. BENZ;O500MA                                            ;2016-02-10;2015;DIESEL
2026-08-20 01:58:08.516640;2160;VIACAO TERESOPOLIS CAVALHADA LTDA;IXB9464;M. BENZ;O-500M                                            ;2016-02-13;2015;DIESEL
2026-08-20 01:58:08.516640;1121;TRANSPORTES COLETIVOS TREVO LTDA;IXB9680;M. BENZ;O500MA                                            ;2016-02-11;2015;DIESEL
2026-08-20 01:58:08.516640;6157;AUTO VIACAO NAVEGANTES LTDA;IYW2127;M. BENZ;OF 1721                                           ;2018-10-29;2018;DIESEL
2026-08-20 01:58:08.516640;6658;SOCIEDADE DE ONIBUS PORTO ALEGRENSE LTDA;IZP2E36;M. BENZ;OF 1721L;2019-10-02;2019;DIESEL
2026-08-20 01:58:08.516640;43;CARRIS PORTO-ALEGRENSE LTDA;JAC7H63;M. BENZ;OF 1721L;2020-07-29;2020;DIESEL
2026-08-20 01:58:08.516640;14;CARRIS PORTO-ALEGRENSE LTDA;JAC8D60;M. BENZ;OF 1721L;2020-07-29;2020;DIESEL
2026-08-20 01:58:08.516640;12;CARRIS PORTO-ALEGRENSE LTDA;JAD0B44;M. BENZ;OF 1721L;2020-07-29;2020;DIESEL
2026-08-20 01:58:08.516640;11;CARRIS PORTO-ALEGRENSE LTDA;JAD0B95;M. BENZ;OF 1721L;2020-07-29;2020;DIESEL
2026-08-20 01:58:08.516640;74;CARRIS PORTO-ALEGRENSE LTDA;JAD8J71;M. BENZ;OF 1721L;2020-08-14;2020;DIESEL
2026-08-20 01:58:08.516640;3351;SUDESTE TRANSPORTES COLETIVOS LTDA;JBJ3G25;M. BENZ;OF 1721                                           ;2021-12-29;2021;DIESEL
2026-08-20 01:58:08.516640;6600;SOCIEDADE DE ONIBUS PORTO ALEGRENSE LTDA;JBO3H80;M. BENZ;OF 1721                                           ;2022-07-05;2022;DIESEL
2026-08-20 01:58:08.516640;6712;SOCIEDADE DE ONIBUS PORTO ALEGRENSE LTDA;JBT0J72;M. BENZ;OF 1721                                           ;2022-09-21;2022;DIESEL
2026-08-20 01:58:08.516640;2120;VIACAO TERESOPOLIS CAVALHADA LTDA;JBU8J51;M. BENZ;OF 1721L;2022-11-29;2022;DIESEL
2026-08-20 01:58:08.516640;2331;VIACAO BELEM NOVO LTDA;JBW7H15;M. BENZ;OF 1721L;2023-03-30;2022;DIESEL
2026-08-20 01:58:08.516640;3362;SUDESTE TRANSPORTES COLETIVOS LTDA;JBX4D78;M. BENZ;OF 1721                                           ;2023-04-13;2022;DIESEL
2026-08-20 01:58:08.516640;56;CARRIS PORTO-ALEGRENSE LTDA;JAD8D96;M. BENZ;OF 1721L;2020-07-29;2020;DIESEL
2026-08-20 01:58:08.516640;70;CARRIS PORTO-ALEGRENSE LTDA;JAD9A16;M. BENZ;OF 1721L;2020-08-14;2020;DIESEL
2026-08-20 01:58:08.516640;4415;VIACAO ALTO PETROPOLIS LTDA;JBS4H33;M. BENZ;OF 1721                                           ;2022-09-23;2022;DIESEL
2026-08-20 01:58:08.516640;2118;VIACAO TERESOPOLIS CAVALHADA LTDA;JBT1H79;M. BENZ;OF 1721                                           ;2023-01-02;2022;DIESEL
2026-08-20 01:58:08.516640;6734;SOCIEDADE DE ONIBUS PORTO ALEGRENSE LTDA;JBT8D85;M. BENZ;OF 1721L;2023-01-18;2022;DIESEL
2026-08-20 01:58:08.516640;2126;VIACAO TERESOPOLIS CAVALHADA LTDA;JBU9J98;M. BENZ;OF 1721L;2023-02-22;2022;DIESEL
2026-08-20 01:58:08.516640;2124;VIACAO TERESOPOLIS CAVALHADA LTDA;JBU9J87;M. BENZ;OF 1721L;2023-02-22;2022;DIESEL
2026-08-20 01:58:08.516640;3364;SUDESTE TRANSPORTES COLETIVOS LTDA;JBX4D75;M. BENZ;OF 1721                                           ;2023-04-13;2022;DIESEL
2026-08-20 01:58:08.516640;6668;SOCIEDADE DE ONIBUS PORTO ALEGRENSE LTDA;JCE0C72;Mercedes Benz;OF1619;2023-08-24;2023;DIESEL
2026-08-20 01:58:08.516640;6764;SOCIEDADE DE ONIBUS PORTO ALEGRENSE LTDA;IXC2723;M. BENZ;O500MA                                            ;2016-02-17;2015;DIESEL
2026-08-20 01:58:08.516640;6130;AUTO VIACAO NAVEGANTES LTDA;IZO5J27;M. BENZ;OF 1721L;2019-09-25;2019;DIESEL
2026-08-20 01:58:08.516640;6637;SOCIEDADE DE ONIBUS PORTO ALEGRENSE LTDA;IZP2C25;M. BENZ;OF 1721L;2019-10-02;2019;DIESEL
2026-08-20 01:58:08.516640;6657;SOCIEDADE DE ONIBUS PORTO ALEGRENSE LTDA;IZP2B72;M. BENZ;OF 1721L;2019-10-02;2019;DIESEL
2026-08-20 01:58:08.516640;42;CARRIS PORTO-ALEGRENSE LTDA;JAC7H91;M. BENZ;OF 1721L;2020-07-29;2020;DIESEL
2026-08-20 01:58:08.516640;27;CARRIS PORTO-ALEGRENSE LTDA;JAD0B46;M. BENZ;OF 1721L;2020-07-29;2020;DIESEL
2026-08-20 01:58:08.516640;89;CARRIS PORTO-ALEGRENSE LTDA;JAD8B42;M. BENZ;OF 1721L;2020-07-29;2020;DIESEL
2026-08-20 01:58:08.516640;72;CARRIS PORTO-ALEGRENSE LTDA;JAD8G52;M. BENZ;OF 1721L;2020-08-14;2020;DIESEL
2026-08-20 01:58:08.516640;1106;TRANSPORTES COLETIVOS TREVO LTDA;JBT0C78;M. BENZ;OF 1721                                           ;2022-10-31;2022;DIESEL
2026-08-20 01:58:08.516640;6440;NORTRAN TRANSPORTES COLETIVOS LTDA;JBT7F57;M. BENZ;OF1519;2023-01-17;2022;DIESEL
2026-08-20 01:58:08.516640;4855;AUTO VIACAO PRESIDENTE VARGAS LTDA;JBV2C09;M. BENZ;OF1519;2023-02-27;2022;DIESEL
2026-08-20 01:58:08.516640;6720;SOCIEDADE DE ONIBUS PORTO ALEGRENSE LTDA;JCF6D52;M. BENZ;OF 1721L;2023-06-07;2023;DIESEL
2026-08-20 01:58:08.516640;2226;VIACAO TERESOPOLIS CAVALHADA LTDA;JCH5C54;M. BENZ;OF 1721L;2023-10-27;2023;DIESEL
2026-08-20 01:58:08.516640;2156;VIACAO TERESOPOLIS CAVALHADA LTDA;IXB9286;M. BENZ;O-500M                                            ;2016-02-13;2015;DIESEL
2026-08-20 01:58:08.516640;6128;AUTO VIACAO NAVEGANTES LTDA;IZO5J85;M. BENZ;OF 1721L;2019-09-25;2019;DIESEL
2026-08-20 01:58:08.516640;6152;AUTO VIACAO NAVEGANTES LTDA;IZO5J45;M. BENZ;OF 1721L;2019-09-25;2019;DIESEL
2026-08-20 01:58:08.516640;6642;SOCIEDADE DE ONIBUS PORTO ALEGRENSE LTDA;IZP2B48;M. BENZ;OF 1721L;2019-10-02;2019;DIESEL
2026-08-20 01:58:08.516640;36;CARRIS PORTO-ALEGRENSE LTDA;JAC7I27;M. BENZ;OF 1721L;2020-07-29;2020;DIESEL
2026-08-20 01:58:08.516640;37;CARRIS PORTO-ALEGRENSE LTDA;JAC7H82;M. BENZ;OF 1721L;2020-07-29;2020;DIESEL
2026-08-20 01:58:08.516640;6679;SOCIEDADE DE ONIBUS PORTO ALEGRENSE LTDA;JBR2H55;M. BENZ;OF 1721                                           ;2022-08-23;2022;DIESEL
2026-08-20 01:58:08.516640;4817;AUTO VIACAO PRESIDENTE VARGAS LTDA;JBU0I72;M. BENZ;OF1519;2023-01-26;2022;DIESEL
2026-08-20 01:58:08.516640;30;CARRIS PORTO-ALEGRENSE LTDA;JAC7I69;M. BENZ;OF 1721L;2020-07-29;2020;DIESEL
2026-08-20 01:58:08.516640;71;CARRIS PORTO-ALEGRENSE LTDA;JAD8J67;M. BENZ;OF 1721L;2020-08-14;2020;DIESEL
2026-08-20 01:58:08.516640;6589;NORTRAN TRANSPORTES COLETIVOS LTDA;JBJ4A25;M. BENZ;OF 1721L;2022-06-22;2021;DIESEL
2026-08-20 01:58:08.516640;47;CARRIS PORTO-ALEGRENSE LTDA;JAC8D97;M. BENZ;OF 1721L;2020-07-29;2020;DIESEL
2026-08-20 01:58:08.516640;2103;VIACAO TERESOPOLIS CAVALHADA LTDA;JBS5A63;M. BENZ;OF 1721                                           ;2022-08-19;2022;DIESEL
2026-08-20 01:58:08.516640;3359;SUDESTE TRANSPORTES COLETIVOS LTDA;JBS6B57;M. BENZ;OF 1721                                           ;2022-10-20;2022;DIESEL
2026-08-20 01:58:08.516640;6700;SOCIEDADE DE ONIBUS PORTO ALEGRENSE LTDA;JBS9B95;M. BENZ;OF 1721                                           ;2022-09-21;2022;DIESEL
2026-08-20 01:58:08.516640;4416;VIACAO ALTO PETROPOLIS LTDA;JBS4H73;M. BENZ;OF 1721                                           ;2022-09-23;2022;DIESEL
2026-08-20 01:58:08.516640;6109;AUTO VIACAO NAVEGANTES LTDA;JBS7B59;M. BENZ;OF 1721                                           ;2022-10-06;2022;DIESEL
2026-08-20 01:58:08.516640;1142;TRANSPORTES COLETIVOS TREVO LTDA;JBU1H45;M. BENZ;OF 1721                                           ;2023-01-27;2022;DIESEL
2026-08-20 01:58:08.516640;1224;TRANSPORTES COLETIVOS TREVO LTDA;JCH5C94;M. BENZ;OF 1721L;2023-10-27;2023;DIESEL
2026-08-20 01:58:08.516640;6103;AUTO VIACAO NAVEGANTES LTDA;JCH7F53;M. BENZ;OF1619;2023-10-31;2023;DIESEL
2026-08-20 01:58:08.516640;6457;NORTRAN TRANSPORTES COLETIVOS LTDA;JCF1I80;M. BENZ;OF 1721L;2023-08-15;2023;DIESEL
2026-08-20 01:58:08.516640;2394;VIACAO BELEM NOVO LTDA;JCH1E96;M. BENZ;OF 1721                                           ;2023-10-20;2023;DIESEL
2026-08-20 01:58:08.516640;2228;VIACAO TERESOPOLIS CAVALHADA LTDA;JCI3G72;M. BENZ;OF 1721L;2023-11-13;2023;DIESEL
2026-08-20 01:58:08.516640;112;CARRIS PORTO-ALEGRENSE LTDA;JCQ5E66;M. BENZ;OF 1721L;2024-04-17;2024;DIESEL
2026-08-20 01:58:08.516640;133;CARRIS PORTO-ALEGRENSE LTDA;JCU9B88;M. BENZ;OF 1721L;2024-07-15;2024;DIESEL
2026-08-20 01:58:08.516640;6616;SOCIEDADE DE ONIBUS PORTO ALEGRENSE LTDA;IYW2057;M. BENZ;OF 1721                                           ;2018-10-29;2018;DIESEL
2026-08-20 01:58:08.516640;60;CARRIS PORTO-ALEGRENSE LTDA;JAD0C56;M. BENZ;OF 1721L;2020-07-29;2020;DIESEL
2026-08-20 01:58:08.516640;85;CARRIS PORTO-ALEGRENSE LTDA;JAD8B68;M. BENZ;OF 1721L;2020-07-29;2020;DIESEL
2026-08-20 01:58:08.516640;3503;EMPRESA GAZÔMETRO DE TRANSPORTES LTDA;JBU3E23;M. BENZ;OF 1721                                           ;2023-02-01;2022;DIESEL
2026-08-20 01:58:08.516640;6647;SOCIEDADE DE ONIBUS PORTO ALEGRENSE LTDA;IYW2060;M. BENZ;OF 1721                                           ;2018-10-29;2018;DIESEL
2026-08-20 01:58:08.516640;2370;VIACAO BELEM NOVO LTDA;IZP9D58;M. BENZ;OF 1721                                           ;2019-10-15;2019;DIESEL
2026-08-20 01:58:08.516640;86;CARRIS PORTO-ALEGRENSE LTDA;JAD8E69;M. BENZ;OF 1721L;2020-08-14;2020;DIESEL
2026-08-20 01:58:08.516640;80;CARRIS PORTO-ALEGRENSE LTDA;JAD8J51;M. BENZ;OF 1721L;2020-08-14;2020;DIESEL
2026-08-20 01:58:08.516640;6649;SOCIEDADE DE ONIBUS PORTO ALEGRENSE LTDA;JBR2H60;M. BENZ;OF 1721                                           ;2022-08-23;2022;DIESEL
2026-08-20 01:58:08.516640;2340;VIACAO BELEM NOVO LTDA;JBX3B88;M. BENZ;OF 1721                                           ;2023-04-11;2022;DIESEL
2026-08-20 01:58:08.516640;3361;SUDESTE TRANSPORTES COLETIVOS LTDA;JBX4D73;M. BENZ;OF 1721                                           ;2023-04-13;2022;DIESEL
2026-08-20 01:58:08.516640;4818;AUTO VIACAO PRESIDENTE VARGAS LTDA;JCC0G85;VW;17230                                             ;2023-07-18;2022;DIESEL
2026-08-20 01:58:08.516640;3344;SUDESTE TRANSPORTES COLETIVOS LTDA;IZQ5A06;M. BENZ;OF1519;2019-10-25;2019;DIESEL
2026-08-20 01:58:08.516640;3345;SUDESTE TRANSPORTES COLETIVOS LTDA;IZQ4F23;M. BENZ;OF1519;2019-10-25;2019;DIESEL
2026-08-20 01:58:08.516640;40;CARRIS PORTO-ALEGRENSE LTDA;JAC7I85;M. BENZ;OF 1721L;2020-07-29;2020;DIESEL
2026-08-20 01:58:08.516640;76;CARRIS PORTO-ALEGRENSE LTDA;JAE1A16;M. BENZ;OF 1721L;2020-08-21;2020;DIESEL
2026-08-20 01:58:08.516640;6585;NORTRAN TRANSPORTES COLETIVOS LTDA;JBJ5C81;M. BENZ;OF 1721                                           ;2022-01-06;2021;DIESEL
2026-08-20 01:58:08.516640;2476;RESTINGA TRANSPORTES COLETIVOS LTDA;JBR1C37;VW;17230                                             ;2022-08-18;2022;DIESEL
2026-08-20 01:58:08.516640;4412;VIACAO ALTO PETROPOLIS LTDA;JBS4G07;M. BENZ;OF 1721                                           ;2022-08-31;2022;DIESEL
2026-08-20 01:58:08.516640;1167;TRANSPORTES COLETIVOS TREVO LTDA;JBU1H36;M. BENZ;OF 1721                                           ;2023-01-27;2022;DIESEL
2026-08-20 01:58:08.516640;1195;TRANSPORTES COLETIVOS TREVO LTDA;JCE8C12;M. BENZ;OF 1721L;2023-08-10;2023;DIESEL
2026-08-20 01:58:08.516640;4821;AUTO VIACAO PRESIDENTE VARGAS LTDA;JCH0C13;M. BENZ;OF 1721                                           ;2023-10-19;2023;DIESEL
2026-08-20 01:58:08.516640;4338;VIACAO ESTORIL LTDA;IXC3043;M. BENZ;O500 U                                            ;2016-02-18;2015;DIESEL
2026-08-20 01:58:08.516640;52;CARRIS PORTO-ALEGRENSE LTDA;JAC8D45;M. BENZ;OF 1721L;2020-07-29;2020;DIESEL
2026-08-20 01:58:08.516640;84;CARRIS PORTO-ALEGRENSE LTDA;JAD8D68;M. BENZ;OF 1721L;2020-07-29;2020;DIESEL
2026-08-20 01:58:08.516640;6634;SOCIEDADE DE ONIBUS PORTO ALEGRENSE LTDA;JBP4G74;M. BENZ;OF 1721                                           ;2022-07-05;2022;DIESEL
2026-08-20 01:58:08.516640;3363;SUDESTE TRANSPORTES COLETIVOS LTDA;JBX4D77;M. BENZ;OF 1721                                           ;2023-04-13;2022;DIESEL
2026-08-20 01:58:08.516640;6477;NORTRAN TRANSPORTES COLETIVOS LTDA;JCF1J15;M. BENZ;OF 1721L;2023-08-15;2023;DIESEL
2026-08-20 01:58:08.516640;6715;SOCIEDADE DE ONIBUS PORTO ALEGRENSE LTDA;JCF6D71;M. BENZ;OF 1721L;2023-06-07;2023;DIESEL
2026-08-20 01:58:08.516640;1227;TRANSPORTES COLETIVOS TREVO LTDA;JCJ2D26;M. BENZ;OF 1619;2023-11-29;2023;DIESEL
2026-08-20 01:58:08.516640;2193;VIACAO TERESOPOLIS CAVALHADA LTDA;IXB9296;M. BENZ;O-500M                                            ;2016-02-13;2015;DIESEL
2026-08-20 01:58:08.516640;6687;SOCIEDADE DE ONIBUS PORTO ALEGRENSE LTDA;IXE3358;VW;17280;2016-04-05;2015;DIESEL
2026-08-20 01:58:08.516640;6569;NORTRAN TRANSPORTES COLETIVOS LTDA;IXC1A78;M. BENZ;O500MA                                            ;2016-02-17;2015;DIESEL
2026-08-20 01:58:08.516640;6771;SOCIEDADE DE ONIBUS PORTO ALEGRENSE LTDA;IYW2059;M. BENZ;OF 1721                                           ;2018-10-29;2018;DIESEL
2026-08-20 01:58:08.516640;6654;SOCIEDADE DE ONIBUS PORTO ALEGRENSE LTDA;IZP2E46;M. BENZ;OF 1721L;2019-10-02;2019;DIESEL
2026-08-20 01:58:08.516640;1;CARRIS PORTO-ALEGRENSE LTDA;JAC8D54;M. BENZ;OF 1721L;2020-07-24;2020;DIESEL
2026-08-20 01:58:08.516640;2474;RESTINGA TRANSPORTES COLETIVOS LTDA;JBR3H73;VW;17230                                             ;2022-08-18;2022;DIESEL
2026-08-20 01:58:08.516640;2107;VIACAO TERESOPOLIS CAVALHADA LTDA;JBS5A90;M. BENZ;OF 1721                                           ;2022-08-19;2022;DIESEL
2026-08-20 01:58:08.516640;1070;TRANSPORTES COLETIVOS TREVO LTDA;JBS4B36;M. BENZ;OF 1721                                           ;2022-09-29;2022;DIESEL
2026-08-20 01:58:08.516640;1215;TRANSPORTES COLETIVOS TREVO LTDA;JBS7I52;M. BENZ;O500MA                                            ;2022-11-17;2022;DIESEL
2026-08-20 01:58:08.516640;6104;AUTO VIACAO NAVEGANTES LTDA;JBS7B56;M. BENZ;OF 1721                                           ;2022-10-06;2022;DIESEL
2026-08-20 01:58:08.516640;8;CARRIS PORTO-ALEGRENSE LTDA;JAC8D66;M. BENZ;OF 1721L;2020-07-29;2020;DIESEL
2026-08-20 01:58:08.516640;35;CARRIS PORTO-ALEGRENSE LTDA;JAC8D95;M. BENZ;OF 1721L;2020-07-29;2020;DIESEL
2026-08-20 01:58:08.516640;67;CARRIS PORTO-ALEGRENSE LTDA;JAD8J43;M. BENZ;OF 1721L;2020-08-14;2020;DIESEL
2026-08-20 01:58:08.516640;2472;RESTINGA TRANSPORTES COLETIVOS LTDA;JBR3D73;VW;17230                                             ;2022-08-18;2022;DIESEL
2026-08-20 01:58:08.516640;6759;SOCIEDADE DE ONIBUS PORTO ALEGRENSE LTDA;JBV6H39;M. BENZ;OF 1721                                           ;2023-03-09;2022;DIESEL
2026-08-20 01:58:08.516640;4801;AUTO VIACAO PRESIDENTE VARGAS LTDA;JCC0G89;VW;17230                                             ;2023-07-18;2022;DIESEL
2026-08-20 01:58:08.516640;6482;NORTRAN TRANSPORTES COLETIVOS LTDA;JCF2B67;M. BENZ;OF 1721L;2023-09-15;2023;DIESEL
2026-08-20 01:58:08.516640;6437;NORTRAN TRANSPORTES COLETIVOS LTDA;JCF8E64;Mercedes Benz;OF1619;2023-09-27;2023;DIESEL
2026-08-20 01:58:08.516640;140;CARRIS PORTO-ALEGRENSE LTDA;JCV2E63;M. BENZ;OF 1721L;2024-07-18;2024;DIESEL
2026-08-20 01:58:08.516640;6575;NORTRAN TRANSPORTES COLETIVOS LTDA;JBV8J23;M. BENZ;OF 1721L;2023-03-15;2022;DIESEL
2026-08-20 01:58:08.516640;6445;NORTRAN TRANSPORTES COLETIVOS LTDA;JCF8E67;Mercedes Benz;OF1619;2023-09-28;2023;DIESEL
2026-08-20 01:58:08.516640;2108;VIACAO TERESOPOLIS CAVALHADA LTDA;JCH6D44;M. BENZ;OF 1721L;2023-10-30;2023;DIESEL
2026-08-20 01:58:08.516640;6722;SOCIEDADE DE ONIBUS PORTO ALEGRENSE LTDA;JCS6H62;M. BENZ;OF 1721L;2024-06-10;2023;DIESEL
2026-08-20 01:58:08.516640;6675;SOCIEDADE DE ONIBUS PORTO ALEGRENSE LTDA;JCS7A91;M. BENZ;OF 1721L;2024-06-10;2023;DIESEL
2026-08-20 01:58:08.516640;119;CARRIS PORTO-ALEGRENSE LTDA;JCV6J41;M. BENZ;OF 1721L;2024-07-25;2024;DIESEL
2026-08-20 01:58:08.516640;3381;SUDESTE TRANSPORTES COLETIVOS LTDA;JDC7B50;M. BENZ;OF 1721L;2024-11-11;2024;DIESEL
2026-08-20 01:58:08.516640;6578;NORTRAN TRANSPORTES COLETIVOS LTDA;JCT1I56;M. BENZ;OF 1721L;2024-06-17;2023;DIESEL
2026-08-20 01:58:08.516640;177;CARRIS PORTO-ALEGRENSE LTDA;JDA3C93;M. BENZ;OF 1721L;2024-10-01;2024;DIESEL
2026-08-20 01:58:08.516640;4830;AUTO VIACAO PRESIDENTE VARGAS LTDA;JDB1D57;M. BENZ;OF 1721L;2024-10-11;2024;DIESEL
2026-08-20 01:58:08.516640;159;CARRIS PORTO-ALEGRENSE LTDA;JDG2H70;M. Benz;0500 MDA;2024-12-18;2024;DIESEL
2026-08-20 01:58:08.516640;2315;VIACAO BELEM NOVO LTDA;TQP0E61;M. BENZ;OF 1721L;2025-06-09;2024;DIESEL
2026-08-20 01:58:08.516640;6102;AUTO VIACAO NAVEGANTES LTDA;TQP1D17;M. BENZ;OF 1721L;2025-06-10;2025;DIESEL
2026-08-20 01:58:08.516640;6112;AUTO VIACAO NAVEGANTES LTDA;TQP1D52;M. BENZ;OF 1721L;2025-06-09;2025;DIESEL
2026-08-20 01:58:08.516640;1161;TRANSPORTES COLETIVOS TREVO LTDA;TQR6G61;M. BENZ;OF 1721L;2025-07-30;2025;DIESEL
2026-08-20 01:58:08.516640;6501;NORTRAN TRANSPORTES COLETIVOS LTDA;JCP5F89;M. BENZ;OF 1619;2023-11-28;2023;DIESEL
2026-08-20 01:58:08.516640;6661;SOCIEDADE DE ONIBUS PORTO ALEGRENSE LTDA;JCS7A81;M. BENZ;OF 1721L;2024-06-10;2023;DIESEL
2026-08-20 01:58:08.516640;132;CARRIS PORTO-ALEGRENSE LTDA;JCU9B84;M. BENZ;OF 1721L;2024-07-15;2024;DIESEL
2026-08-20 01:58:08.516640;125;CARRIS PORTO-ALEGRENSE LTDA;JCU9B78;M. BENZ;OF 1721L;2024-07-15;2024;DIESEL
2026-08-20 01:58:08.516640;4819;AUTO VIACAO PRESIDENTE VARGAS LTDA;JCC0H16;VW;17230                                             ;2023-07-18;2022;DIESEL
2026-08-20 01:58:08.516640;1192;TRANSPORTES COLETIVOS TREVO LTDA;JCD9C21;M. BENZ;OF 1721L;2023-08-22;2023;DIESEL
2026-08-20 01:58:08.516640;6496;NORTRAN TRANSPORTES COLETIVOS LTDA;IYW1859;M. BENZ;OF 1721                                           ;2018-10-29;2018;DIESEL
2026-08-20 01:58:08.516640;6515;NORTRAN TRANSPORTES COLETIVOS LTDA;IZQ0E31;M. BENZ;OF 1721L;2019-10-16;2019;DIESEL
2026-08-20 01:58:08.516640;6690;SOCIEDADE DE ONIBUS PORTO ALEGRENSE LTDA;JBR2I55;M. BENZ;OF 1721                                           ;2022-08-23;2022;DIESEL
2026-08-20 01:58:08.516640;1046;TRANSPORTES COLETIVOS TREVO LTDA;JBS2G98;M. BENZ;OF 1721                                           ;2022-09-29;2022;DIESEL
2026-08-20 01:58:08.516640;1060;TRANSPORTES COLETIVOS TREVO LTDA;JBS4B33;M. BENZ;OF 1721                                           ;2022-09-29;2022;DIESEL
2026-08-20 01:58:08.516640;4438;VIACAO ALTO PETROPOLIS LTDA;JBS4I57;M. BENZ;OF 1721                                           ;2022-11-30;2022;DIESEL
2026-08-20 01:58:08.516640;3356;SUDESTE TRANSPORTES COLETIVOS LTDA;JBS6G18;M. BENZ;OF 1721                                           ;2022-10-19;2022;DIESEL
2026-08-20 01:58:08.516640;2119;VIACAO TERESOPOLIS CAVALHADA LTDA;JBT0J76;M. BENZ;OF 1721                                           ;2022-09-22;2022;DIESEL
2026-08-20 01:58:08.516640;1122;TRANSPORTES COLETIVOS TREVO LTDA;JBT0C97;M. BENZ;OF 1721                                           ;2022-10-31;2022;DIESEL
2026-08-20 01:58:08.516640;2309;VIACAO BELEM NOVO LTDA;JBT1D80;M. BENZ;OF 1721                                           ;2022-09-12;2022;DIESEL
2026-08-20 01:58:08.516640;6716;SOCIEDADE DE ONIBUS PORTO ALEGRENSE LTDA;JCF6D58;M. BENZ;OF 1721L;2023-06-07;2023;DIESEL
2026-08-20 01:58:08.516640;6568;NORTRAN TRANSPORTES COLETIVOS LTDA;IXC1C25;M. BENZ;O500MA                                            ;2016-02-17;2015;DIESEL
2026-08-20 01:58:08.516640;6533;NORTRAN TRANSPORTES COLETIVOS LTDA;IYW1873;M. BENZ;OF 1721                                           ;2018-10-29;2018;DIESEL
2026-08-20 01:58:08.516640;19;CARRIS PORTO-ALEGRENSE LTDA;JAC7I83;M. BENZ;OF 1721L;2020-07-29;2020;DIESEL
2026-08-20 01:58:08.516640;10;CARRIS PORTO-ALEGRENSE LTDA;JAC8D44;M. BENZ;OF 1721L;2020-07-29;2020;DIESEL
2026-08-20 01:58:08.516640;87;CARRIS PORTO-ALEGRENSE LTDA;JAD8E58;M. BENZ;OF 1721L;2020-08-14;2020;DIESEL
2026-08-20 01:58:08.516640;88;CARRIS PORTO-ALEGRENSE LTDA;JAD8E73;M. BENZ;OF 1721L;2020-08-14;2020;DIESEL
2026-08-20 01:58:08.516640;33;CARRIS PORTO-ALEGRENSE LTDA;JAD8J41;M. BENZ;OF 1721L;2020-08-14;2020;DIESEL
2026-08-20 01:58:08.516640;6643;SOCIEDADE DE ONIBUS PORTO ALEGRENSE LTDA;JBP4G59;M. BENZ;OF 1721                                           ;2022-07-05;2022;DIESEL
2026-08-20 01:58:08.516640;4828;AUTO VIACAO PRESIDENTE VARGAS LTDA;JBR3H58;VW;15190;2022-05-13;2022;DIESEL
2026-08-20 01:58:08.516640;1018;TRANSPORTES COLETIVOS TREVO LTDA;JBS2H65;M. BENZ;OF 1721L;2022-09-29;2022;DIESEL
2026-08-20 01:58:08.516640;3366;SUDESTE TRANSPORTES COLETIVOS LTDA;JBX4D76;M. BENZ;OF 1721                                           ;2023-04-13;2022;DIESEL
2026-08-20 01:58:08.516640;4336;VIACAO ESTORIL LTDA;IXC3097;M. BENZ;O-500M                                            ;2016-02-18;2015;DIESEL
2026-08-20 01:58:08.516640;2419;RESTINGA TRANSPORTES COLETIVOS LTDA;IXB9E10;M. BENZ;O500MA                                            ;2016-02-10;2015;DIESEL
2026-08-20 01:58:08.516640;2168;VIACAO TERESOPOLIS CAVALHADA LTDA;IXB9458;M. BENZ;O-500M                                            ;2016-02-13;2015;DIESEL
2026-08-20 01:58:08.516640;6619;SOCIEDADE DE ONIBUS PORTO ALEGRENSE LTDA;IZP2C18;M. BENZ;OF 1721L;2019-10-02;2019;DIESEL
2026-08-20 01:58:08.516640;6423;NORTRAN TRANSPORTES COLETIVOS LTDA;IZQ0F16;M. BENZ;OF 1721L;2019-10-16;2019;DIESEL
2026-08-20 01:58:08.516640;53;CARRIS PORTO-ALEGRENSE LTDA;JAC7I95;M. BENZ;OF 1721L;2020-07-29;2020;DIESEL
2026-08-20 01:58:08.516640;78;CARRIS PORTO-ALEGRENSE LTDA;JAD8D82;M. BENZ;OF 1721L;2020-07-29;2020;DIESEL
2026-08-20 01:58:08.516640;6721;SOCIEDADE DE ONIBUS PORTO ALEGRENSE LTDA;JBS9A45;M. BENZ;OF 1721                                           ;2022-09-21;2022;DIESEL
2026-08-20 01:58:08.516640;2133;VIACAO TERESOPOLIS CAVALHADA LTDA;JBU8J70;M. BENZ;OF 1721L;2022-11-29;2022;DIESEL
2026-08-20 01:58:08.516640;6587;NORTRAN TRANSPORTES COLETIVOS LTDA;JBJ4A30;M. BENZ;OF 1721                                           ;2022-01-06;2021;DIESEL
2026-08-20 01:58:08.516640;48;CARRIS PORTO-ALEGRENSE LTDA;JAC7I03;M. BENZ;OF 1721L;2020-07-29;2020;DIESEL
2026-08-20 01:58:08.516640;62;CARRIS PORTO-ALEGRENSE LTDA;JAC7I37;M. BENZ;OF 1721L;2020-07-29;2020;DIESEL
2026-08-20 01:58:08.516640;6;CARRIS PORTO-ALEGRENSE LTDA;JAD0C21;M. BENZ;OF 1721L;2020-07-29;2020;DIESEL
2026-08-20 01:58:08.516640;3357;SUDESTE TRANSPORTES COLETIVOS LTDA;JBS6G25;M. BENZ;OF 1721L;2022-10-19;2022;DIESEL
2026-08-20 01:58:08.516640;3352;SUDESTE TRANSPORTES COLETIVOS LTDA;JBS6G33;M. BENZ;OF 1721                                           ;2022-09-06;2022;DIESEL
2026-08-20 01:58:08.516640;6400;NORTRAN TRANSPORTES COLETIVOS LTDA;JCF8E47;Mercedes Benz;OF 1619;2023-09-27;2023;DIESEL
2026-08-20 01:58:08.516640;6673;SOCIEDADE DE ONIBUS PORTO ALEGRENSE LTDA;JCD9B36;M. BENZ;OF 1721L;2023-08-22;2023;DIESEL
2026-08-20 01:58:08.516640;6500;NORTRAN TRANSPORTES COLETIVOS LTDA;JCP5F64;M. BENZ;OF 1619;2024-03-28;2023;DIESEL
2026-08-20 01:58:08.516640;108;CARRIS PORTO-ALEGRENSE LTDA;JCV2D62;M. BENZ;OF 1721L;2024-07-18;2024;DIESEL
2026-08-20 01:58:08.516640;6674;SOCIEDADE DE ONIBUS PORTO ALEGRENSE LTDA;JCD9B70;M. BENZ;OF 1721L;2023-08-22;2023;DIESEL
2026-08-20 01:58:08.516640;6447;NORTRAN TRANSPORTES COLETIVOS LTDA;JCF8E55;Mercedes Benz;OF1619;2023-09-27;2023;DIESEL
2026-08-20 01:58:08.516640;2224;VIACAO TERESOPOLIS CAVALHADA LTDA;JCI3G74;M. BENZ;OF 1721L;2023-11-13;2023;DIESEL
2026-08-20 01:58:08.516640;150;CARRIS PORTO-ALEGRENSE LTDA;JCV2E97;M. BENZ;OF 1619;2024-07-18;2024;DIESEL
2026-08-20 01:58:08.516640;170;CARRIS PORTO-ALEGRENSE LTDA;JCZ8I39;M. BENZ;OF 1721                                           ;2024-09-25;2024;DIESEL
2026-08-20 01:58:08.516640;176;CARRIS PORTO-ALEGRENSE LTDA;JDA2H82;M. BENZ;OF 1721L;2024-09-30;2024;DIESEL
2026-08-20 01:58:08.516640;4829;AUTO VIACAO PRESIDENTE VARGAS LTDA;JDB1D96;M. BENZ;OF 1721L;2024-10-11;2024;DIESEL
2026-08-20 01:58:08.516640;3379;SUDESTE TRANSPORTES COLETIVOS LTDA;JDB7J18;M. BENZ;OF 1721L;2024-10-22;2024;DIESEL
2026-08-20 01:58:08.516640;3528;EMPRESA GAZÔMETRO DE TRANSPORTES LTDA;IUP7A32;M. BENZ;OF 1721                                           ;2013-05-09;2013;DIESEL
2026-08-20 01:58:08.516640;181;CARRIS PORTO-ALEGRENSE LTDA;JDG7C33;M. BENZ;O500MA                                            ;2024-12-06;2024;DIESEL
2026-08-20 01:58:08.516640;4813;AUTO VIACAO PRESIDENTE VARGAS LTDA;JDL4F48;M. BENZ;OF 1721                                           ;2025-03-26;2024;DIESEL
2026-08-20 01:58:08.516640;6129;AUTO VIACAO NAVEGANTES LTDA;TQP1D24;M. BENZ;OF 1721L;2025-06-09;2025;DIESEL
2026-08-20 01:58:08.516640;6438;NORTRAN TRANSPORTES COLETIVOS LTDA;JCF8I16;Mercedes Benz;OF1619;2023-09-28;2023;DIESEL
2026-08-20 01:58:08.516640;6506;NORTRAN TRANSPORTES COLETIVOS LTDA;JCP5G43;M. BENZ;OF 1619;2024-03-28;2023;DIESEL
2026-08-20 01:58:08.516640;121;CARRIS PORTO-ALEGRENSE LTDA;JCQ7A51;M. BENZ;OF 1721L;2024-04-18;2024;DIESEL
2026-08-20 01:58:08.516640;123;CARRIS PORTO-ALEGRENSE LTDA;JCV6J00;M. BENZ;OF 1721L;2024-07-25;2024;DIESEL
2026-08-20 01:58:08.516640;1234;TRANSPORTES COLETIVOS TREVO LTDA;JDD6C57;M. BENZ;OF 1619;2024-11-13;2024;DIESEL
2026-08-20 01:58:08.516640;6126;AUTO VIACAO NAVEGANTES LTDA;TQP1D18;M. BENZ;OF 1721L;2025-06-09;2025;DIESEL
2026-08-20 01:58:08.516640;6145;AUTO VIACAO NAVEGANTES LTDA;TQP1D39;M. BENZ;OF 1721L;2025-06-10;2025;DIESEL
2026-08-20 01:58:08.516640;6667;SOCIEDADE DE ONIBUS PORTO ALEGRENSE LTDA;JCS6H58;M. BENZ;OF 1721L;2024-06-10;2023;DIESEL
2026-08-20 01:58:08.516640;143;CARRIS PORTO-ALEGRENSE LTDA;JCU9C27;M. BENZ;OF 1721L;2024-07-15;2024;DIESEL
2026-08-20 01:58:08.516640;144;CARRIS PORTO-ALEGRENSE LTDA;JCU9C25;M. BENZ;OF 1721L;2024-07-15;2024;DIESEL
2026-08-20 01:58:08.516640;9403;VIACAO TERESOPOLIS CAVALHADA LTDA;JCW0G63;MARCOPOLO;ATTIVI  E U;2024-07-31;2024;ELÉTRICO
2026-08-20 01:58:08.516640;4423;VIACAO ALTO PETROPOLIS LTDA;JCX8H44;M. BENZ;OF 1721L;2024-08-27;2023;DIESEL
2026-08-20 01:58:08.516640;1229;TRANSPORTES COLETIVOS TREVO LTDA;JDC0C17;M. BENZ;OF1619;2024-10-24;2024;DIESEL
2026-08-20 01:58:08.516640;6680;SOCIEDADE DE ONIBUS PORTO ALEGRENSE LTDA;JDD9G94;M. BENZ;OF 1721L;2024-11-19;2024;DIESEL
2026-08-20 01:58:08.516640;2116;VIACAO TERESOPOLIS CAVALHADA LTDA;JDF2C48;M. BENZ;OF 1721L;2024-12-05;2024;DIESEL
2026-08-20 01:58:08.516640;6586;NORTRAN TRANSPORTES COLETIVOS LTDA;JBJ4A14;M. BENZ;OF 1721                                           ;2022-01-06;2021;DIESEL
2026-08-20 01:58:08.516640;6120;AUTO VIACAO NAVEGANTES LTDA;JBS7B45;M. BENZ;OF 1721                                           ;2022-10-06;2022;DIESEL
2026-08-20 01:58:08.516640;4839;AUTO VIACAO PRESIDENTE VARGAS LTDA;JBU1A27;M. BENZ;OF1519;2023-01-26;2022;DIESEL
2026-08-20 01:58:08.516640;3367;SUDESTE TRANSPORTES COLETIVOS LTDA;JBZ5G92;M. BENZ;OF 1721                                           ;2023-05-31;2022;DIESEL
2026-08-20 01:58:08.516640;6114;AUTO VIACAO NAVEGANTES LTDA;JBS7B78;M. BENZ;OF 1721                                           ;2022-10-06;2022;DIESEL
2026-08-20 01:58:08.516640;9402;VIACAO TERESOPOLIS CAVALHADA LTDA;JCW2H04;MARCOPOLO;ATTIVI E U;2024-08-02;2024;ELÉTRICO
2026-08-20 01:58:08.516640;4450;VIACAO ALTO PETROPOLIS LTDA;JBZ7H61;M. BENZ;OF 1721L;2023-06-06;2022;DIESEL
2026-08-20 01:58:08.516640;6704;SOCIEDADE DE ONIBUS PORTO ALEGRENSE LTDA;JCD9B45;M. BENZ;OF 1721L;2023-08-22;2023;DIESEL
2026-08-20 01:58:08.516640;6450;NORTRAN TRANSPORTES COLETIVOS LTDA;JCF8E61;Mercedes Benz;OF1619;2023-09-28;2023;DIESEL
2026-08-20 01:58:08.516640;6731;SOCIEDADE DE ONIBUS PORTO ALEGRENSE LTDA;JCI6J68;M. BENZ;OF 1721L;2023-11-20;2023;DIESEL
2026-08-20 01:58:08.516640;9002;NORTRAN TRANSPORTES COLETIVOS LTDA;JCI7B36;MARCOPOLO;ATTIVI E U;2023-11-21;2023;ELÉTRICO
2026-08-20 01:58:08.516640;6660;SOCIEDADE DE ONIBUS PORTO ALEGRENSE LTDA;JCS6H24;M. BENZ;OF 1721L;2024-06-10;2023;DIESEL
2026-08-20 01:58:08.516640;102;CARRIS PORTO-ALEGRENSE LTDA;JCV2D64;M. BENZ;OF 1721L;2024-07-18;2024;DIESEL
2026-08-20 01:58:08.516640;129;CARRIS PORTO-ALEGRENSE LTDA;JCV7C88;M. BENZ;OF 1721L;2024-07-26;2024;DIESEL
2026-08-20 01:58:08.516640;3385;SUDESTE TRANSPORTES COLETIVOS LTDA;JDC0G86;M. BENZ;OF 1721L;2024-10-24;2024;DIESEL
2026-08-20 01:58:08.516640;6138;AUTO VIACAO NAVEGANTES LTDA;JDC7B98;M. BENZ;OF 1721L;2024-11-01;2024;DIESEL
2026-08-20 01:58:08.516640;4845;AUTO VIACAO PRESIDENTE VARGAS LTDA;JDL4F18;M. BENZ;OF 1721                                           ;2025-03-26;2024;DIESEL
2026-08-20 01:58:08.516640;4410;VIACAO ALTO PETROPOLIS LTDA;TQP4D45;M. BENZ;OF 1721L;2025-06-13;2024;DIESEL
2026-08-20 01:58:08.516640;3374;SUDESTE TRANSPORTES COLETIVOS LTDA;JCK3G35;M. BENZ;OF 1721L;2023-12-15;2023;DIESEL
2026-08-20 01:58:08.516640;6730;SOCIEDADE DE ONIBUS PORTO ALEGRENSE LTDA;JCI7A34;M. BENZ;OF 1721                                           ;2023-12-29;2023;DIESEL
2026-08-20 01:58:08.516640;6677;SOCIEDADE DE ONIBUS PORTO ALEGRENSE LTDA;JCS7A49;M. BENZ;OF 1721L;2024-06-10;2023;DIESEL
2026-08-20 01:58:08.516640;131;CARRIS PORTO-ALEGRENSE LTDA;JCU9B81;M. BENZ;OF 1721L;2024-07-15;2024;DIESEL
2026-08-20 01:58:08.516640;4413;VIACAO ALTO PETROPOLIS LTDA;JCI5F77;M. BENZ;OF 1721                                           ;2023-11-16;2023;DIESEL
2026-08-20 01:58:08.516640;117;CARRIS PORTO-ALEGRENSE LTDA;JCQ5E24;M. BENZ;OF 1721L;2024-04-14;2024;DIESEL
2026-08-20 01:58:08.516640;115;CARRIS PORTO-ALEGRENSE LTDA;JCQ5E51;M. BENZ;OF 1721L;2024-04-17;2024;DIESEL
2026-08-20 01:58:08.516640;154;CARRIS PORTO-ALEGRENSE LTDA;JCV6J18;M. BENZ;OF 1619;2024-07-25;2024;DIESEL
2026-08-20 01:58:08.516640;6682;SOCIEDADE DE ONIBUS PORTO ALEGRENSE LTDA;JDD9G87;M. BENZ;OF 1721L;2024-11-19;2024;DIESEL
2026-08-20 01:58:08.516640;1184;TRANSPORTES COLETIVOS TREVO LTDA;JDK5F64;M. BENZ;OF 1721L;2025-03-10;2024;DIESEL
2026-08-20 01:58:08.516640;1032;TRANSPORTES COLETIVOS TREVO LTDA;TQR5C13;M. BENZ;OF 1721L;2025-07-28;2025;DIESEL
2026-08-20 01:58:08.516640;146;CARRIS PORTO-ALEGRENSE LTDA;JCV6J47;M. BENZ;OF 1721L;2024-07-25;2024;DIESEL
2026-08-20 01:58:08.516640;3383;SUDESTE TRANSPORTES COLETIVOS LTDA;JDC7B45;M. BENZ;OF 1721L;2024-11-01;2024;DIESEL
2026-08-20 01:58:08.516640;6143;AUTO VIACAO NAVEGANTES LTDA;JDC7C47;M. BENZ;OF 1721L;2024-11-01;2024;DIESEL
2026-08-20 01:58:08.516640;1180;TRANSPORTES COLETIVOS TREVO LTDA;JDC8B74;M. BENZ;OF 1721L;2024-11-04;2024;DIESEL
2026-08-20 01:58:08.516640;2130;VIACAO TERESOPOLIS CAVALHADA LTDA;JDE4B80;Mercedes Benz;0F 1721 L;2024-11-28;2024;DIESEL
2026-08-20 01:58:08.516640;157;CARRIS PORTO-ALEGRENSE LTDA;JDF9E64;M. Benz;0500 MDA;2024-12-16;2024;DIESEL
2026-08-20 01:58:08.516640;1208;TRANSPORTES COLETIVOS TREVO LTDA;JDK5D70;M. BENZ;OF 1619;2025-03-10;2024;DIESEL
2026-08-20 01:58:08.516640;4835;AUTO VIACAO PRESIDENTE VARGAS LTDA;JDM5B64;M. BENZ;OF 1721                                           ;2025-04-09;2024;DIESEL
2026-08-20 01:58:08.516640;6747;SOCIEDADE DE ONIBUS PORTO ALEGRENSE LTDA;JBV7E11;M. BENZ;OF 1721                                           ;2023-03-10;2022;DIESEL
2026-08-20 01:58:08.516640;1225;TRANSPORTES COLETIVOS TREVO LTDA;JCH9H81;M. BENZ;OF 1721L;2023-11-06;2023;DIESEL
2026-08-20 01:58:08.516640;2480;RESTINGA TRANSPORTES COLETIVOS LTDA;JCI4E01;M. BENZ;OF 1721L;2023-11-17;2023;DIESEL
2026-08-20 01:58:08.516640;6459;NORTRAN TRANSPORTES COLETIVOS LTDA;JCP4F78;M. BENZ;OF 1721                                           ;2024-03-28;2023;DIESEL
2026-08-20 01:58:08.516640;103;CARRIS PORTO-ALEGRENSE LTDA;JCR8H20;M. BENZ;OF 1721L;2024-05-31;2024;DIESEL
2026-08-20 01:58:08.516640;151;CARRIS PORTO-ALEGRENSE LTDA;JCV2F21;M. BENZ;OF 1619;2024-07-18;2024;DIESEL
2026-08-20 01:58:08.516640;9604;SUDESTE TRANSPORTES COLETIVOS LTDA;JCV9A40;Mercedes Benz;0500 U ELÉTRICO;2024-07-30;2024;ELÉTRICO
2026-08-20 01:58:08.516640;130;CARRIS PORTO-ALEGRENSE LTDA;JCW5E31;M. BENZ;OF 1721L;2024-08-07;2024;DIESEL
2026-08-20 01:58:08.516640;4404;VIACAO ALTO PETROPOLIS LTDA;JCX8H22;M. BENZ;OF 1721                                           ;2024-05-31;2023;DIESEL
2026-08-20 01:58:08.516640;164;CARRIS PORTO-ALEGRENSE LTDA;JDA4C60;M. BENZ;OF 1721L;2024-10-02;2024;DIESEL
2026-08-20 01:58:08.516640;3380;SUDESTE TRANSPORTES COLETIVOS LTDA;JDB3I10;M. BENZ;OF 1721L;2024-10-15;2024;DIESEL
2026-08-20 01:58:08.516640;134;CARRIS PORTO-ALEGRENSE LTDA;JCU9B97;M. BENZ;OF 1721L;2024-07-15;2024;DIESEL
2026-08-20 01:58:08.516640;6691;SOCIEDADE DE ONIBUS PORTO ALEGRENSE LTDA;TQP0A18;M. BENZ;OF 1721L;2025-06-04;2024;DIESEL
2026-08-20 01:58:08.516640;2102;VIACAO TERESOPOLIS CAVALHADA LTDA;JDF3I42;M. BENZ;OF 1721L;2024-12-06;2024;DIESEL
2026-08-20 01:58:08.516640;4525;VIACAO ALTO PETROPOLIS LTDA;TQP4E35;M. BENZ;OF 1721L;2025-06-16;2025;DIESEL
2026-08-20 01:58:08.516640;6497;NORTRAN TRANSPORTES COLETIVOS LTDA;TQS0F07;M. BENZ;OF 1721L;2025-08-11;2025;DIESEL
2026-08-20 01:58:08.516640;2383;VIACAO BELEM NOVO LTDA;JDC9H66;M. BENZ;OF 1721L;2024-11-06;2024;DIESEL
2026-08-20 01:58:08.516640;6140;AUTO VIACAO NAVEGANTES LTDA;TQP1D42;M. BENZ;OF 1721L;2025-06-10;2025;DIESEL
2026-08-20 01:58:08.516640;147;CARRIS PORTO-ALEGRENSE LTDA;JCV2E49;M. BENZ;OF 1721L;2024-07-18;2024;DIESEL
2026-08-20 01:58:08.516640;179;CARRIS PORTO-ALEGRENSE LTDA;JDA2I90;M. BENZ;OF 1721L;2024-09-30;2024;ÁLCOOL/GASOLINA/GNV
2026-08-20 01:58:08.516640;2440;RESTINGA TRANSPORTES COLETIVOS LTDA;JDB4A14;M. BENZ;OF 1619;2024-10-15;2024;DIESEL
2026-08-20 01:58:08.516640;1230;TRANSPORTES COLETIVOS TREVO LTDA;JDB5E30;M. BENZ;OF 1619;2024-10-17;2024;DIESEL
2026-08-20 01:58:08.516640;4436;VIACAO ALTO PETROPOLIS LTDA;JDE5B03;M. BENZ;OF 1721                                           ;2024-11-27;2024;DIESEL
2026-08-20 01:58:08.516640;160;CARRIS PORTO-ALEGRENSE LTDA;JDF9E65;M. Benz;0500 MDA;2024-12-16;2024;DIESEL
2026-08-20 01:58:08.516640;2311;VIACAO BELEM NOVO LTDA;TQP0D34;M. BENZ;OF 1721L;2025-06-09;2024;DIESEL
2026-08-20 01:58:08.516640;6729;SOCIEDADE DE ONIBUS PORTO ALEGRENSE LTDA;JCI7A02;M. BENZ;OF 1721                                           ;2023-12-29;2023;DIESEL
2026-08-20 01:58:08.516640;6134;AUTO VIACAO NAVEGANTES LTDA;JDB4E74;M. BENZ;OF 1721L;2024-10-15;2024;DIESEL
2026-08-20 01:58:08.516640;4427;VIACAO ALTO PETROPOLIS LTDA;JDE5A79;M. BENZ;OF 1721                                           ;2024-11-27;2024;DIESEL
2026-08-20 01:58:08.516640;1210;TRANSPORTES COLETIVOS TREVO LTDA;JDK6A18;M. BENZ;OF1619;2025-03-11;2024;DIESEL
2026-08-20 01:58:08.516640;4519;VIACAO ALTO PETROPOLIS LTDA;TQP4D82;M. BENZ;OF 1721L;2025-06-13;2024;DIESEL
2026-08-20 01:58:08.516640;6512;NORTRAN TRANSPORTES COLETIVOS LTDA;TQS0F00;M. BENZ;OF 1721L;2025-08-11;2025;DIESEL
2026-08-20 01:58:08.516640;122;CARRIS PORTO-ALEGRENSE LTDA;JCQ5E58;M. BENZ;OF 1721L;2024-04-17;2024;DIESEL
2026-08-20 01:58:08.516640;109;CARRIS PORTO-ALEGRENSE LTDA;JCR8H27;M. BENZ;OF 1721L;2024-05-31;2024;DIESEL
2026-08-20 01:58:08.516640;6656;SOCIEDADE DE ONIBUS PORTO ALEGRENSE LTDA;JCS6H44;M. BENZ;OF 1721L;2024-06-10;2023;DIESEL
2026-08-20 01:58:08.516640;116;CARRIS PORTO-ALEGRENSE LTDA;JCV2D54;M. BENZ;OF 1721L;2024-07-18;2024;DIESEL
2026-08-20 01:58:08.516640;152;CARRIS PORTO-ALEGRENSE LTDA;JCV5J85;M. BENZ;OF 1619;2024-07-24;2024;DIESEL
2026-08-20 01:58:08.516640;6574;NORTRAN TRANSPORTES COLETIVOS LTDA;JCY6F28;M. BENZ;OF 1721L;2024-09-05;2024;DIESEL
2026-08-20 01:58:08.516640;4432;VIACAO ALTO PETROPOLIS LTDA;JDE5B23;M. BENZ;OF 1721                                           ;2024-11-27;2024;DIESEL
2026-08-20 01:58:08.516640;6101;AUTO VIACAO NAVEGANTES LTDA;TQP1D46;M. BENZ;OF 1721L;2025-06-09;2025;DIESEL
2026-08-20 01:58:08.516640;4420;VIACAO ALTO PETROPOLIS LTDA;TQP4D65;M. BENZ;OF 1721L;2025-06-13;2024;DIESEL
2026-08-20 01:58:08.516640;6509;NORTRAN TRANSPORTES COLETIVOS LTDA;TQS0E70;M. BENZ;OF 1721L;2025-08-11;2025;DIESEL
2026-08-20 01:58:08.516640;3371;SUDESTE TRANSPORTES COLETIVOS LTDA;JCK3G33;M. BENZ;OF 1721L;2023-12-18;2023;DIESEL
2026-08-20 01:58:08.516640;107;CARRIS PORTO-ALEGRENSE LTDA;JCR8H29;M. BENZ;OF 1721L;2024-05-31;2024;DIESEL
2026-08-20 01:58:08.516640;136;CARRIS PORTO-ALEGRENSE LTDA;JCU9B99;M. BENZ;OF 1721L;2024-07-15;2024;DIESEL
2026-08-20 01:58:08.516640;153;CARRIS PORTO-ALEGRENSE LTDA;JCV6I60;M. BENZ;OF 1619;2024-07-25;2024;DIESEL
2026-08-20 01:58:08.516640;166;CARRIS PORTO-ALEGRENSE LTDA;JDA2A28;M. BENZ;OF 1721L;2024-09-30;2024;DIESEL
2026-08-20 01:58:08.516640;9004;VIACAO TERESOPOLIS CAVALHADA LTDA;JCF6C06;MARCOPOLO;ATTIVI E U;2023-10-01;2023;ELÉTRICO
2026-08-20 01:58:08.516640;2371;VIACAO BELEM NOVO LTDA;JDF6H41;M. BENZ;OF 1721L;2024-12-11;2024;DIESEL
2026-08-20 01:58:08.516640;6703;SOCIEDADE DE ONIBUS PORTO ALEGRENSE LTDA;JDK5H85;M. BENZ;OF 1721L;2025-03-11;2024;DIESEL
2026-08-20 01:58:08.516640;2437;RESTINGA TRANSPORTES COLETIVOS LTDA;JDN3J98;M. BENZ;OF 1619;2025-04-25;2025;DIESEL
2026-08-20 01:58:08.516640;6106;AUTO VIACAO NAVEGANTES LTDA;TQP1D26;M. BENZ;OF 1721L;2025-06-09;2025;DIESEL
2026-08-20 01:58:08.516640;6510;NORTRAN TRANSPORTES COLETIVOS LTDA;TQS0E74;M. BENZ;OF 1721L;2025-08-11;2025;DIESEL
2026-08-20 01:58:08.516640;6576;NORTRAN TRANSPORTES COLETIVOS LTDA;JBY7B49;M. BENZ;OF 1721                                           ;2022-12-13;2022;DIESEL
2026-08-20 01:58:08.516640;4441;VIACAO ALTO PETROPOLIS LTDA;JBZ8B11;M. BENZ;OF 1721L;2023-06-06;2022;DIESEL
2026-08-20 01:58:08.516640;6646;SOCIEDADE DE ONIBUS PORTO ALEGRENSE LTDA;JCC6E92;Mercedes Benz;OF1619;2023-07-28;2023;DIESEL
2026-08-20 01:58:08.516640;6481;NORTRAN TRANSPORTES COLETIVOS LTDA;JCF2A75;M. BENZ;OF 1721L;2023-09-14;2023;DIESEL
2026-08-20 01:58:08.516640;4848;AUTO VIACAO PRESIDENTE VARGAS LTDA;JCH0C61;M. BENZ;OF 1721                                           ;2023-10-19;2023;DIESEL
2026-08-20 01:58:08.516640;6741;SOCIEDADE DE ONIBUS PORTO ALEGRENSE LTDA;JCI6J58;M. BENZ;OF 1721L;2023-11-20;2023;DIESEL
2026-08-20 01:58:08.516640;3510;EMPRESA GAZÔMETRO DE TRANSPORTES LTDA;ISR1F19;M. BENZ;O-500M                                            ;2023-12-08;2011;DIESEL
2026-08-20 01:58:08.516640;3372;SUDESTE TRANSPORTES COLETIVOS LTDA;JCK3G32;M. BENZ;OF 1721L;2023-12-18;2023;DIESEL
2026-08-20 01:58:08.516640;6504;NORTRAN TRANSPORTES COLETIVOS LTDA;JCP5F45;M. BENZ;OF 1619;2024-03-28;2023;DIESEL
2026-08-20 01:58:08.516640;9602;SUDESTE TRANSPORTES COLETIVOS LTDA;JCV9A52;Mercedes Benz;0500 U ELÉTRICO;2024-07-30;2024;ELÉTRICO
2026-08-20 01:58:08.516640;2305;VIACAO BELEM NOVO LTDA;JCF5I69;M. BENZ;OF 1721                                           ;2023-09-22;2023;DIESEL
2026-08-20 01:58:08.516640;6573;NORTRAN TRANSPORTES COLETIVOS LTDA;JDB3J04;M. BENZ;OF 1721L;2024-10-15;2024;DIESEL
2026-08-20 01:58:08.516640;138;CARRIS PORTO-ALEGRENSE LTDA;JCV2D44;M. BENZ;OF 1721L;2024-07-18;2024;DIESEL
2026-08-20 01:58:08.516640;9202;NORTRAN TRANSPORTES COLETIVOS LTDA;JCW2J63;MARCOPOLO;ATTIVI  E U;2024-08-02;2024;ELÉTRICO
2026-08-20 01:58:08.516640;1179;TRANSPORTES COLETIVOS TREVO LTDA;JDC2I69;M. BENZ;OF 1721L;2024-10-28;2024;DIESEL
2026-08-20 01:58:08.516640;9201;NORTRAN TRANSPORTES COLETIVOS LTDA;JCW3A75;MARCOPOLO;ATTIVI E U;2024-08-02;2024;ELÉTRICO
2026-08-20 01:58:08.516640;4836;AUTO VIACAO PRESIDENTE VARGAS LTDA;JDB1H91;M. BENZ;OF 1721L;2024-10-11;2024;DIESEL
2026-08-20 01:58:08.516640;2322;VIACAO BELEM NOVO LTDA;JDC9H75;M. BENZ;OF 1721L;2024-11-06;2024;DIESEL
2026-08-20 01:58:08.516640;2385;VIACAO BELEM NOVO LTDA;JDF4C60;M. Benz;OF 1726L;2024-12-09;2024;DIESEL
2026-08-20 01:58:08.516640;1209;TRANSPORTES COLETIVOS TREVO LTDA;JDK6A71;M. BENZ;OF1619;2025-03-11;2024;DIESEL
2026-08-20 01:58:08.516640;4841;AUTO VIACAO PRESIDENTE VARGAS LTDA;JDL4F52;M. BENZ;OF 1721                                           ;2025-03-26;2024;DIESEL
2026-08-20 01:58:08.516640;2310;VIACAO BELEM NOVO LTDA;TQP0D72;M. BENZ;OF 1721L;2025-06-09;2024;DIESEL
2026-08-20 01:58:08.516640;9601;SUDESTE TRANSPORTES COLETIVOS LTDA;JCV9A68;Mercedes Benz;0500 U ELÉTRICO;2024-07-30;2024;ELÉTRICO
2026-08-20 01:58:08.516640;9401;VIACAO TERESOPOLIS CAVALHADA LTDA;JCW0G41;MARCOPOLO;ATTIVI  INTEGRAL;2024-07-31;2024;ELÉTRICO
2026-08-20 01:58:08.516640;9204;NORTRAN TRANSPORTES COLETIVOS LTDA;JCW2J67;MARCOPOLO;ATTIVI E U;2024-08-02;2024;ELÉTRICO
2026-08-20 01:58:08.516640;9203;NORTRAN TRANSPORTES COLETIVOS LTDA;JCW2J57;MARCOPOLO;ATTIVI  E U;2024-08-02;2024;ELÉTRICO
2026-08-20 01:58:08.516640;6136;AUTO VIACAO NAVEGANTES LTDA;JDB4E64;M. BENZ;OF 1721L;2024-10-15;2024;DIESEL
2026-08-20 01:58:08.516640;1181;TRANSPORTES COLETIVOS TREVO LTDA;JDC0C33;M. BENZ;OF 1721L;2024-10-24;2024;DIESEL
2026-08-20 01:58:08.516640;1235;TRANSPORTES COLETIVOS TREVO LTDA;JDD6D90;M. BENZ;OF 1619;2024-11-13;2024;DIESEL
2026-08-20 01:58:08.516640;2326;VIACAO BELEM NOVO LTDA;JDF6H76;M. BENZ;OF 1721L;2024-12-11;2024;DIESEL
2026-08-20 01:58:08.516640;6638;SOCIEDADE DE ONIBUS PORTO ALEGRENSE LTDA;JDK5H84;M. BENZ;OF 1721L;2025-03-11;2024;DIESEL
2026-08-20 01:58:08.516640;6636;SOCIEDADE DE ONIBUS PORTO ALEGRENSE LTDA;JDK5H88;M. BENZ;OF 1721L;2025-03-11;2024;DIESEL
2026-08-20 01:58:08.516640;6601;SOCIEDADE DE ONIBUS PORTO ALEGRENSE LTDA;JDK5H75;M. BENZ;OF 1721L;2025-03-11;2024;DIESEL
2026-08-20 01:58:08.516640;6727;SOCIEDADE DE ONIBUS PORTO ALEGRENSE LTDA;TQP6J20;M. BENZ;OF 1721L;2025-06-20;2024;DIESEL
2026-08-20 01:58:08.516640;1026;TRANSPORTES COLETIVOS TREVO LTDA;TQR1G41;M. BENZ;OF 1721L;2025-07-21;2025;DIESEL
2026-08-20 01:58:08.516640;3507;EMPRESA GAZÔMETRO DE TRANSPORTES LTDA;JCP1G50;M. BENZ;OF 1721L;2024-03-22;2023;DIESEL
2026-08-20 01:58:08.516640;6505;NORTRAN TRANSPORTES COLETIVOS LTDA;JCP5F97;M. BENZ;OF 1619;2024-03-28;2023;DIESEL
2026-08-20 01:58:08.516640;126;CARRIS PORTO-ALEGRENSE LTDA;JCV5J74;M. BENZ;OF 1721L;2024-07-24;2024;DIESEL
2026-08-20 01:58:08.516640;169;CARRIS PORTO-ALEGRENSE LTDA;JCZ8I43;M. BENZ;OF 1721                                           ;2024-09-25;2024;DIESEL
2026-08-20 01:58:08.516640;174;CARRIS PORTO-ALEGRENSE LTDA;JDA2I42;M. BENZ;OF 1721                                           ;2024-09-30;2024;DIESEL
2026-08-20 01:58:08.516640;3384;SUDESTE TRANSPORTES COLETIVOS LTDA;JDB7J33;M. BENZ;OF 1721L;2024-10-22;2024;DIESEL
2026-08-20 01:58:08.516640;1231;TRANSPORTES COLETIVOS TREVO LTDA;JDC1E55;M. BENZ;OF 1619;2024-10-25;2024;DIESEL
2026-08-20 01:58:08.516640;180;CARRIS PORTO-ALEGRENSE LTDA;JDG5E92;M. Benz;0500 MDA;2024-12-23;2024;DIESEL
2026-08-20 01:58:08.516640;1212;TRANSPORTES COLETIVOS TREVO LTDA;JDK6A63;M. BENZ;OF1619;2025-03-11;2024;DIESEL
2026-08-20 01:58:08.516640;1022;TRANSPORTES COLETIVOS TREVO LTDA;TQR1G39;M. BENZ;OF 1721L;2025-07-21;2025;DIESEL
2026-08-20 01:58:08.516640;1036;TRANSPORTES COLETIVOS TREVO LTDA;TQR5E86;M. BENZ;OF 1721L;2025-07-28;2025;DIESEL
2026-08-20 01:58:08.516640;6579;NORTRAN TRANSPORTES COLETIVOS LTDA;JBU9F27;M. BENZ;OF 1721L;2023-02-17;2022;DIESEL
2026-08-20 01:58:08.516640;6603;SOCIEDADE DE ONIBUS PORTO ALEGRENSE LTDA;JCC6F09;Mercedes Benz;OF1619;2023-07-28;2023;DIESEL
2026-08-20 01:58:08.516640;6705;SOCIEDADE DE ONIBUS PORTO ALEGRENSE LTDA;JCD9B67;M. BENZ;OF 1721L;2023-08-22;2023;DIESEL
2026-08-20 01:58:08.516640;1196;TRANSPORTES COLETIVOS TREVO LTDA;JCD4A33;M. BENZ;OF 1721L;2023-08-10;2023;DIESEL
2026-08-20 01:58:08.516640;6458;NORTRAN TRANSPORTES COLETIVOS LTDA;JCF1I98;M. BENZ;OF 1721L;2023-08-15;2023;DIESEL
2026-08-20 01:58:08.516640;6456;NORTRAN TRANSPORTES COLETIVOS LTDA;JCF1J26;M. BENZ;OF 1721L;2023-08-15;2023;DIESEL
2026-08-20 01:58:08.516640;6719;SOCIEDADE DE ONIBUS PORTO ALEGRENSE LTDA;JCF6D66;M. BENZ;OF 1721L;2023-06-07;2023;DIESEL
2026-08-20 01:58:08.516640;6449;NORTRAN TRANSPORTES COLETIVOS LTDA;JCF8E59;Mercedes Benz;OF1619;2023-09-28;2023;DIESEL
2026-08-20 01:58:08.516640;6446;NORTRAN TRANSPORTES COLETIVOS LTDA;JCF8E65;M. BENZ;OF 1619;2023-09-28;2023;DIESEL
2026-08-20 01:58:08.516640;4408;VIACAO ALTO PETROPOLIS LTDA;JCI5G05;M. BENZ;OF 1721                                           ;2023-11-13;2023;DIESEL
2026-08-20 01:58:08.516640;111;CARRIS PORTO-ALEGRENSE LTDA;JCQ5E63;M. BENZ;OF 1721L;2024-04-17;2024;DIESEL
2026-08-20 01:58:08.516640;101;CARRIS PORTO-ALEGRENSE LTDA;JCQ7H59;M. BENZ;OF 1721L;2024-04-22;2024;DIESEL
2026-08-20 01:58:08.516640;148;CARRIS PORTO-ALEGRENSE LTDA;JCV2F47;M. BENZ;OF 1721L;2024-07-22;2024;DIESEL
2026-08-20 01:58:08.516640;172;CARRIS PORTO-ALEGRENSE LTDA;JDA2I94;M. BENZ;OF 1721L;2024-09-30;2024;DIESEL
2026-08-20 01:58:08.516640;3519;EMPRESA GAZÔMETRO DE TRANSPORTES LTDA;ISR1F64;M. BENZ;O-500M                                            ;2023-12-08;2011;DIESEL
2026-08-20 01:58:08.516640;4844;AUTO VIACAO PRESIDENTE VARGAS LTDA;JDL4G06;M. BENZ;OF 1721                                           ;2025-03-26;2024;DIESEL
2026-08-20 01:58:08.516640;2481;RESTINGA TRANSPORTES COLETIVOS LTDA;JDC9B25;VW;17230                                             ;2024-11-05;2024;DIESEL
2026-08-20 01:58:08.516640;2439;RESTINGA TRANSPORTES COLETIVOS LTDA;JDN4A24;M. BENZ;OF 1619;2025-04-28;2025;DIESEL
2026-08-20 01:58:08.516640;167;CARRIS PORTO-ALEGRENSE LTDA;JCZ8I46;M. BENZ;OF 1721                                           ;2024-09-25;2024;DIESEL
2026-08-20 01:58:08.516640;4842;AUTO VIACAO PRESIDENTE VARGAS LTDA;JDL4F67;M. BENZ;OF 1721                                           ;2025-03-27;2024;DIESEL
2026-08-20 01:58:08.516640;1233;TRANSPORTES COLETIVOS TREVO LTDA;JDD4A14;M. BENZ;OF1619;2024-11-11;2024;DIESEL
2026-08-20 01:58:08.516640;182;CARRIS PORTO-ALEGRENSE LTDA;JDG0J54;M. BENZ;OF 1721L;2024-12-17;2024;DIESEL
2026-08-20 01:58:08.516640;6559;NORTRAN TRANSPORTES COLETIVOS LTDA;JDG4G68;M. BENZ;OF 1721L;2024-08-02;2024;DIESEL
2026-08-20 01:58:08.516640;184;CARRIS PORTO-ALEGRENSE LTDA;JDG0J31;M. BENZ;OF 1721L;2024-12-17;2024;DIESEL
2026-08-20 01:58:08.516640;6692;SOCIEDADE DE ONIBUS PORTO ALEGRENSE LTDA;TQP0A42;M. BENZ;OF 1721L;2025-06-04;2024;DIESEL
2026-08-20 01:58:08.516640;6562;NORTRAN TRANSPORTES COLETIVOS LTDA;JDG4G59;M. BENZ;OF 1721L;2024-12-20;2024;DIESEL
2026-08-20 01:58:08.516640;2436;RESTINGA TRANSPORTES COLETIVOS LTDA;JDN4A46;M. BENZ;OF 1619;2025-04-28;2025;DIESEL
2026-08-20 01:58:08.516640;6115;AUTO VIACAO NAVEGANTES LTDA;TQP1D30;M. BENZ;OF 1721L;2025-06-10;2025;DIESEL
2026-08-20 01:58:08.516640;185;CARRIS PORTO-ALEGRENSE LTDA;TQP8J18;M. BENZ;OF 1726 ;2025-06-25;2024;DIESEL
2026-08-20 01:58:08.516640;6591;NORTRAN TRANSPORTES COLETIVOS LTDA;JBU9J26;M. BENZ;OF 1721L;2022-11-11;2022;DIESEL
2026-08-20 01:58:08.516640;6666;SOCIEDADE DE ONIBUS PORTO ALEGRENSE LTDA;JCD9B30;Mercedes Benz;OF1619;2023-08-22;2023;DIESEL
2026-08-20 01:58:08.516640;2393;VIACAO BELEM NOVO LTDA;JCF5I86;M. BENZ;OF 1721L;2023-05-02;2023;DIESEL
2026-08-20 01:58:08.516640;4846;AUTO VIACAO PRESIDENTE VARGAS LTDA;JCH0C78;M. BENZ;OF 1721                                           ;2023-10-19;2023;DIESEL
2026-08-20 01:58:08.516640;3370;SUDESTE TRANSPORTES COLETIVOS LTDA;JCH9C01;M. BENZ;OF 1721L;2023-11-03;2023;DIESEL
2026-08-20 01:58:08.516640;2478;RESTINGA TRANSPORTES COLETIVOS LTDA;JCI4D15;M. BENZ;OF 1721L;2023-11-14;2023;DIESEL
2026-08-20 01:58:08.516640;3521;EMPRESA GAZÔMETRO DE TRANSPORTES LTDA;ISR1E99;M. BENZ;O-500M                                            ;2023-12-20;2011;DIESEL
2026-08-20 01:58:08.516640;106;CARRIS PORTO-ALEGRENSE LTDA;JCQ5E54;M. BENZ;OF 1721L;2024-04-17;2024;DIESEL
2026-08-20 01:58:08.516640;120;CARRIS PORTO-ALEGRENSE LTDA;JCV7H34;M. BENZ;OF 1721L;2024-07-26;2024;DIESEL
2026-08-20 01:58:08.516640;4425;VIACAO ALTO PETROPOLIS LTDA;JCX8H66;M. BENZ;OF 1721                                           ;2024-08-27;2023;DIESEL
2026-08-20 01:58:08.516640;165;CARRIS PORTO-ALEGRENSE LTDA;JDA2B62;M. BENZ;OF 1721L;2024-09-30;2024;DIESEL
2026-08-20 01:58:08.516640;4426;VIACAO ALTO PETROPOLIS LTDA;JCX9D38;M. BENZ;OF 1721                                           ;2024-05-31;2023;DIESEL
2026-08-20 01:58:08.516640;139;CARRIS PORTO-ALEGRENSE LTDA;JCU9C13;M. BENZ;OF 1721L;2024-07-15;2024;DIESEL
2026-08-20 01:58:08.516640;3376;SUDESTE TRANSPORTES COLETIVOS LTDA;JDB3H98;M. BENZ;OF 1721L;2024-10-15;2024;DIESEL
2026-08-20 01:58:08.516640;156;CARRIS PORTO-ALEGRENSE LTDA;JDG0C04;M. Benz;0500 MDA;2024-12-17;2024;DIESEL
2026-08-20 01:58:08.516640;2317;VIACAO BELEM NOVO LTDA;TQP0E44;M. BENZ;OF 1721L;2025-06-09;2024;DIESEL
2026-08-20 01:58:08.516640;6508;NORTRAN TRANSPORTES COLETIVOS LTDA;TQS0E56;M. BENZ;OF 1721L;2025-08-11;2025;DIESEL
2026-08-20 01:58:08.516640;1189;TRANSPORTES COLETIVOS TREVO LTDA;TQR6J67;M. BENZ;OF 1721L;2025-07-30;2025;DIESEL
2026-08-20 01:58:08.516640;158;CARRIS PORTO-ALEGRENSE LTDA;JDF9J21;M. BENZ;O500MA                                            ;2024-12-16;2024;DIESEL
2026-08-20 01:58:08.516640;183;CARRIS PORTO-ALEGRENSE LTDA;JDG0J40;M. BENZ;OF 1721L;2024-12-17;2024;DIESEL
2026-08-20 01:58:08.516640;6560;NORTRAN TRANSPORTES COLETIVOS LTDA;JDG4G42;M. BENZ;OF 1721L;2024-12-20;2024;DIESEL
2026-08-20 01:58:08.516640;4422;VIACAO ALTO PETROPOLIS LTDA;TQP4D73;M. BENZ;OF 1721L;2025-06-13;2024;DIESEL
